This is XeTeX, Version 3.141592653-2.6-0.999998 (MiKTeX 26.5) (preloaded format=xelatex 2026.9.18)  25 SEP 2026 16:30
entering extended mode
 restricted \write18 enabled.
 %&-line parsing enabled.
**./main.tex
(main.tex
LaTeX2e <2026-06-01>
L3 programming layer <2026-08-10>
(gmcmthesis.cls
Document Class: gmcmthesis 2023/09/19 v2.4 update by andy123t
(X:\MiKTeX\tex/latex/ctex\ctexart.cls
(X:\MiKTeX\tex/latex/ctex/config\ctexbackend.cfg
File: ctexbackend.cfg 2026/08/11 v2.6.5 Backend configuration file (CTEX)
)
(X:\MiKTeX\tex/latex/l3kernel\expl3.sty
Package: expl3 2026-08-10 L3 programming layer (loader) 

(X:\MiKTeX\tex/latex/l3kernel\l3backend-xetex.def
File: l3backend-xetex.def 2026-08-10 L3 backend support: XeTeX
\g__graphics_track_int=\count273
\g__pdfannot_backend_int=\count274
\g__pdfannot_backend_link_int=\count275
))
Document Class: ctexart 2026/08/11 v2.6.5 Chinese adapter for class article (CT
EX)
(X:\MiKTeX\tex/latex/ctex\ctexhook.sty
Package: ctexhook 2026/08/11 v2.6.5 Document and package hooks (CTEX)
) (X:\MiKTeX\tex/latex/ctex\ctexpatch.sty
Package: ctexpatch 2026/08/11 v2.6.5 Patching commands (CTEX)
) (X:\MiKTeX\tex/latex/base\fix-cm.sty
Package: fix-cm 2020/11/24 v1.1t fixes to LaTeX
 (X:\MiKTeX\tex/latex/base\ts1enc.def
File: ts1enc.def 2001/06/05 v3.0e (jk/car/fm) Standard LaTeX file
LaTeX Font Info:    Redeclaring font encoding TS1 on input line 47.
LaTeX Encoding Info:    Redeclaring text command \capitalcedilla (encoding TS1)
 on input line 49.
LaTeX Encoding Info:    Redeclaring text command \capitalogonek (encoding TS1) 
on input line 52.
LaTeX Encoding Info:    Redeclaring text command \capitalgrave (encoding TS1) o
n input line 55.
LaTeX Encoding Info:    Redeclaring text command \capitalacute (encoding TS1) o
n input line 56.
LaTeX Encoding Info:    Redeclaring text command \capitalcircumflex (encoding T
S1) on input line 57.
LaTeX Encoding Info:    Redeclaring text command \capitaltilde (encoding TS1) o
n input line 58.
LaTeX Encoding Info:    Redeclaring text command \capitaldieresis (encoding TS1
) on input line 59.
LaTeX Encoding Info:    Redeclaring text command \capitalhungarumlaut (encoding
 TS1) on input line 60.
LaTeX Encoding Info:    Redeclaring text command \capitalring (encoding TS1) on
 input line 61.
LaTeX Encoding Info:    Redeclaring text command \capitalcaron (encoding TS1) o
n input line 62.
LaTeX Encoding Info:    Redeclaring text command \capitalbreve (encoding TS1) o
n input line 63.
LaTeX Encoding Info:    Redeclaring text command \capitalmacron (encoding TS1) 
on input line 64.
LaTeX Encoding Info:    Redeclaring text command \capitaldotaccent (encoding TS
1) on input line 65.
LaTeX Encoding Info:    Redeclaring text command \t (encoding TS1) on input lin
e 66.
LaTeX Encoding Info:    Redeclaring text command \capitaltie (encoding TS1) on 
input line 67.
LaTeX Encoding Info:    Redeclaring text command \newtie (encoding TS1) on inpu
t line 68.
LaTeX Encoding Info:    Redeclaring text command \capitalnewtie (encoding TS1) 
on input line 69.
LaTeX Encoding Info:    Redeclaring text symbol \textcapitalcompwordmark (encod
ing TS1) on input line 70.
LaTeX Encoding Info:    Redeclaring text symbol \textascendercompwordmark (enco
ding TS1) on input line 71.
LaTeX Encoding Info:    Redeclaring text symbol \textquotestraightbase (encodin
g TS1) on input line 72.
LaTeX Encoding Info:    Redeclaring text symbol \textquotestraightdblbase (enco
ding TS1) on input line 73.
LaTeX Encoding Info:    Redeclaring text symbol \texttwelveudash (encoding TS1)
 on input line 74.
LaTeX Encoding Info:    Redeclaring text symbol \textthreequartersemdash (encod
ing TS1) on input line 75.
LaTeX Encoding Info:    Redeclaring text symbol \textleftarrow (encoding TS1) o
n input line 76.
LaTeX Encoding Info:    Redeclaring text symbol \textrightarrow (encoding TS1) 
on input line 77.
LaTeX Encoding Info:    Redeclaring text symbol \textblank (encoding TS1) on in
put line 78.
LaTeX Encoding Info:    Redeclaring text symbol \textdollar (encoding TS1) on i
nput line 79.
LaTeX Encoding Info:    Redeclaring text symbol \textquotesingle (encoding TS1)
 on input line 80.
LaTeX Encoding Info:    Redeclaring text command \textasteriskcentered (encodin
g TS1) on input line 81.
LaTeX Encoding Info:    Redeclaring text symbol \textdblhyphen (encoding TS1) o
n input line 92.
LaTeX Encoding Info:    Redeclaring text symbol \textfractionsolidus (encoding 
TS1) on input line 93.
LaTeX Encoding Info:    Redeclaring text symbol \textzerooldstyle (encoding TS1
) on input line 94.
LaTeX Encoding Info:    Redeclaring text symbol \textoneoldstyle (encoding TS1)
 on input line 95.
LaTeX Encoding Info:    Redeclaring text symbol \texttwooldstyle (encoding TS1)
 on input line 96.
LaTeX Encoding Info:    Redeclaring text symbol \textthreeoldstyle (encoding TS
1) on input line 97.
LaTeX Encoding Info:    Redeclaring text symbol \textfouroldstyle (encoding TS1
) on input line 98.
LaTeX Encoding Info:    Redeclaring text symbol \textfiveoldstyle (encoding TS1
) on input line 99.
LaTeX Encoding Info:    Redeclaring text symbol \textsixoldstyle (encoding TS1)
 on input line 100.
LaTeX Encoding Info:    Redeclaring text symbol \textsevenoldstyle (encoding TS
1) on input line 101.
LaTeX Encoding Info:    Redeclaring text symbol \texteightoldstyle (encoding TS
1) on input line 102.
LaTeX Encoding Info:    Redeclaring text symbol \textnineoldstyle (encoding TS1
) on input line 103.
LaTeX Encoding Info:    Redeclaring text symbol \textlangle (encoding TS1) on i
nput line 104.
LaTeX Encoding Info:    Redeclaring text symbol \textminus (encoding TS1) on in
put line 105.
LaTeX Encoding Info:    Redeclaring text symbol \textrangle (encoding TS1) on i
nput line 106.
LaTeX Encoding Info:    Redeclaring text symbol \textmho (encoding TS1) on inpu
t line 107.
LaTeX Encoding Info:    Redeclaring text symbol \textbigcircle (encoding TS1) o
n input line 108.
LaTeX Encoding Info:    Redeclaring text command \textcircled (encoding TS1) on
 input line 109.
LaTeX Encoding Info:    Redeclaring text symbol \textohm (encoding TS1) on inpu
t line 115.
LaTeX Encoding Info:    Redeclaring text symbol \textlbrackdbl (encoding TS1) o
n input line 116.
LaTeX Encoding Info:    Redeclaring text symbol \textrbrackdbl (encoding TS1) o
n input line 117.
LaTeX Encoding Info:    Redeclaring text symbol \textuparrow (encoding TS1) on 
input line 118.
LaTeX Encoding Info:    Redeclaring text symbol \textdownarrow (encoding TS1) o
n input line 119.
LaTeX Encoding Info:    Redeclaring text symbol \textasciigrave (encoding TS1) 
on input line 120.
LaTeX Encoding Info:    Redeclaring text symbol \textborn (encoding TS1) on inp
ut line 121.
LaTeX Encoding Info:    Redeclaring text symbol \textdivorced (encoding TS1) on
 input line 122.
LaTeX Encoding Info:    Redeclaring text symbol \textdied (encoding TS1) on inp
ut line 123.
LaTeX Encoding Info:    Redeclaring text symbol \textleaf (encoding TS1) on inp
ut line 124.
LaTeX Encoding Info:    Redeclaring text symbol \textmarried (encoding TS1) on 
input line 125.
LaTeX Encoding Info:    Redeclaring text symbol \textmusicalnote (encoding TS1)
 on input line 126.
LaTeX Encoding Info:    Redeclaring text symbol \texttildelow (encoding TS1) on
 input line 127.
LaTeX Encoding Info:    Redeclaring text symbol \textdblhyphenchar (encoding TS
1) on input line 128.
LaTeX Encoding Info:    Redeclaring text symbol \textasciibreve (encoding TS1) 
on input line 129.
LaTeX Encoding Info:    Redeclaring text symbol \textasciicaron (encoding TS1) 
on input line 130.
LaTeX Encoding Info:    Redeclaring text symbol \textacutedbl (encoding TS1) on
 input line 131.
LaTeX Encoding Info:    Redeclaring text symbol \textgravedbl (encoding TS1) on
 input line 132.
LaTeX Encoding Info:    Redeclaring text symbol \textdagger (encoding TS1) on i
nput line 133.
LaTeX Encoding Info:    Redeclaring text symbol \textdaggerdbl (encoding TS1) o
n input line 134.
LaTeX Encoding Info:    Redeclaring text symbol \textbardbl (encoding TS1) on i
nput line 135.
LaTeX Encoding Info:    Redeclaring text symbol \textperthousand (encoding TS1)
 on input line 136.
LaTeX Encoding Info:    Redeclaring text symbol \textbullet (encoding TS1) on i
nput line 137.
LaTeX Encoding Info:    Redeclaring text symbol \textcelsius (encoding TS1) on 
input line 138.
LaTeX Encoding Info:    Redeclaring text symbol \textdollaroldstyle (encoding T
S1) on input line 139.
LaTeX Encoding Info:    Redeclaring text symbol \textcentoldstyle (encoding TS1
) on input line 140.
LaTeX Encoding Info:    Redeclaring text symbol \textflorin (encoding TS1) on i
nput line 141.
LaTeX Encoding Info:    Redeclaring text symbol \textcolonmonetary (encoding TS
1) on input line 142.
LaTeX Encoding Info:    Redeclaring text symbol \textwon (encoding TS1) on inpu
t line 143.
LaTeX Encoding Info:    Redeclaring text symbol \textnaira (encoding TS1) on in
put line 144.
LaTeX Encoding Info:    Redeclaring text symbol \textguarani (encoding TS1) on 
input line 145.
LaTeX Encoding Info:    Redeclaring text symbol \textpeso (encoding TS1) on inp
ut line 146.
LaTeX Encoding Info:    Redeclaring text symbol \textlira (encoding TS1) on inp
ut line 147.
LaTeX Encoding Info:    Redeclaring text symbol \textrecipe (encoding TS1) on i
nput line 148.
LaTeX Encoding Info:    Redeclaring text symbol \textinterrobang (encoding TS1)
 on input line 149.
LaTeX Encoding Info:    Redeclaring text symbol \textinterrobangdown (encoding 
TS1) on input line 150.
LaTeX Encoding Info:    Redeclaring text symbol \textdong (encoding TS1) on inp
ut line 151.
LaTeX Encoding Info:    Redeclaring text symbol \texttrademark (encoding TS1) o
n input line 152.
LaTeX Encoding Info:    Redeclaring text symbol \textpertenthousand (encoding T
S1) on input line 153.
LaTeX Encoding Info:    Redeclaring text symbol \textpilcrow (encoding TS1) on 
input line 154.
LaTeX Encoding Info:    Redeclaring text symbol \textbaht (encoding TS1) on inp
ut line 155.
LaTeX Encoding Info:    Redeclaring text symbol \textnumero (encoding TS1) on i
nput line 156.
LaTeX Encoding Info:    Redeclaring text symbol \textdiscount (encoding TS1) on
 input line 157.
LaTeX Encoding Info:    Redeclaring text symbol \textestimated (encoding TS1) o
n input line 158.
LaTeX Encoding Info:    Redeclaring text symbol \textopenbullet (encoding TS1) 
on input line 159.
LaTeX Encoding Info:    Redeclaring text symbol \textservicemark (encoding TS1)
 on input line 160.
LaTeX Encoding Info:    Redeclaring text symbol \textlquill (encoding TS1) on i
nput line 161.
LaTeX Encoding Info:    Redeclaring text symbol \textrquill (encoding TS1) on i
nput line 162.
LaTeX Encoding Info:    Redeclaring text symbol \textcent (encoding TS1) on inp
ut line 163.
LaTeX Encoding Info:    Redeclaring text symbol \textsterling (encoding TS1) on
 input line 164.
LaTeX Encoding Info:    Redeclaring text symbol \textcurrency (encoding TS1) on
 input line 165.
LaTeX Encoding Info:    Redeclaring text symbol \textyen (encoding TS1) on inpu
t line 166.
LaTeX Encoding Info:    Redeclaring text symbol \textbrokenbar (encoding TS1) o
n input line 167.
LaTeX Encoding Info:    Redeclaring text symbol \textsection (encoding TS1) on 
input line 168.
LaTeX Encoding Info:    Redeclaring text symbol \textasciidieresis (encoding TS
1) on input line 169.
LaTeX Encoding Info:    Redeclaring text symbol \textcopyright (encoding TS1) o
n input line 170.
LaTeX Encoding Info:    Redeclaring text symbol \textordfeminine (encoding TS1)
 on input line 171.
LaTeX Encoding Info:    Redeclaring text symbol \textcopyleft (encoding TS1) on
 input line 172.
LaTeX Encoding Info:    Redeclaring text symbol \textlnot (encoding TS1) on inp
ut line 173.
LaTeX Encoding Info:    Redeclaring text symbol \textcircledP (encoding TS1) on
 input line 174.
LaTeX Encoding Info:    Redeclaring text symbol \textregistered (encoding TS1) 
on input line 175.
LaTeX Encoding Info:    Redeclaring text symbol \textasciimacron (encoding TS1)
 on input line 176.
LaTeX Encoding Info:    Redeclaring text symbol \textdegree (encoding TS1) on i
nput line 177.
LaTeX Encoding Info:    Redeclaring text symbol \textpm (encoding TS1) on input
 line 178.
LaTeX Encoding Info:    Redeclaring text symbol \texttwosuperior (encoding TS1)
 on input line 179.
LaTeX Encoding Info:    Redeclaring text symbol \textthreesuperior (encoding TS
1) on input line 180.
LaTeX Encoding Info:    Redeclaring text symbol \textasciiacute (encoding TS1) 
on input line 181.
LaTeX Encoding Info:    Redeclaring text symbol \textmu (encoding TS1) on input
 line 182.
LaTeX Encoding Info:    Redeclaring text symbol \textparagraph (encoding TS1) o
n input line 183.
LaTeX Encoding Info:    Redeclaring text symbol \textperiodcentered (encoding T
S1) on input line 184.
LaTeX Encoding Info:    Redeclaring text symbol \textreferencemark (encoding TS
1) on input line 185.
LaTeX Encoding Info:    Redeclaring text symbol \textonesuperior (encoding TS1)
 on input line 186.
LaTeX Encoding Info:    Redeclaring text symbol \textordmasculine (encoding TS1
) on input line 187.
LaTeX Encoding Info:    Redeclaring text symbol \textsurd (encoding TS1) on inp
ut line 188.
LaTeX Encoding Info:    Redeclaring text symbol \textonequarter (encoding TS1) 
on input line 189.
LaTeX Encoding Info:    Redeclaring text symbol \textonehalf (encoding TS1) on 
input line 190.
LaTeX Encoding Info:    Redeclaring text symbol \textthreequarters (encoding TS
1) on input line 191.
LaTeX Encoding Info:    Redeclaring text symbol \texteuro (encoding TS1) on inp
ut line 192.
LaTeX Encoding Info:    Redeclaring text symbol \texttimes (encoding TS1) on in
put line 193.
LaTeX Encoding Info:    Redeclaring text symbol \textdiv (encoding TS1) on inpu
t line 194.
))
\l__ctex_tmp_int=\count276
\l__ctex_tmp_box=\box53
\l__ctex_tmp_dim=\dimen150
\g__ctex_section_depth_int=\count277
\g__ctex_font_size_int=\count278

(X:\MiKTeX\tex/latex/ctex/config\ctexopts.cfg
File: ctexopts.cfg 2026/08/11 v2.6.5 Option configuration file (CTEX)
)
(X:\MiKTeX\tex/latex/base\article.cls
Document Class: article 2025/01/22 v1.4n Standard LaTeX document class
(X:\MiKTeX\tex/latex/base\size12.clo
File: size12.clo 2025/01/22 v1.4n Standard LaTeX file (size option)
)
\c@part=\count279
\c@section=\count280
\c@subsection=\count281
\c@subsubsection=\count282
\c@paragraph=\count283
\c@subparagraph=\count284
\c@figure=\count285
\c@table=\count286
\abovecaptionskip=\skip49
\belowcaptionskip=\skip50
\bibindent=\dimen151
)
(X:\MiKTeX\tex/latex/ctex/engine\ctex-engine-xetex.def
File: ctex-engine-xetex.def 2026/08/11 v2.6.5 XeLaTeX adapter (CTEX)

(X:\MiKTeX\tex/xelatex/xecjk\xeCJK.sty
Package: xeCJK 2026/08/21 v3.10.6 Typesetting CJK scripts with XeLaTeX

(X:\MiKTeX\tex/latex/l3packages/xtemplate\xtemplate.sty
Package: xtemplate 2025-10-09 L3 Experimental prototype document functions
)
\l__xeCJK_tmp_int=\count287
\l__xeCJK_tmp_box=\box54
\l__xeCJK_tmp_dim=\dimen152
\l__xeCJK_tmp_skip=\skip51
\g__xeCJK_space_factor_int=\count288
\l__xeCJK_begin_int=\count289
\l__xeCJK_end_int=\count290
\c__xeCJK_CJK_class_int=\XeTeXcharclass1
\c__xeCJK_FullLeft_class_int=\XeTeXcharclass2
\c__xeCJK_FullRight_class_int=\XeTeXcharclass3
\c__xeCJK_HalfLeft_class_int=\XeTeXcharclass4
\c__xeCJK_HalfRight_class_int=\XeTeXcharclass5
\c__xeCJK_NormalSpace_class_int=\XeTeXcharclass6
\c__xeCJK_CM_class_int=\XeTeXcharclass7
\c__xeCJK_HangulJamo_class_int=\XeTeXcharclass8
\c__xeCJK_HangulJamoL_class_int=\XeTeXcharclass9
\c__xeCJK_HangulJamoV_class_int=\XeTeXcharclass10
\c__xeCJK_HangulJamoT_class_int=\XeTeXcharclass11
\c__xeCJK_CJStarter_class_int=\XeTeXcharclass12
\c__xeCJK_PoZheHao_class_int=\XeTeXcharclass13
\l__xeCJK_interword_dim=\dimen153
\l__xeCJK_last_skip=\skip52
\c__xeCJK_none_node=\count291
\g__xeCJK_node_int=\count292
\c__xeCJK_CJK_node_dim=\dimen154
\c__xeCJK_CJK-space_node_dim=\dimen155
\c__xeCJK_default_node_dim=\dimen156
\c__xeCJK_CJK-widow_node_dim=\dimen157
\c__xeCJK_normalspace_node_dim=\dimen158
\c__xeCJK_default-space_node_skip=\skip53
\c__xeCJK_math_node_dim=\dimen159
\c__xeCJK_math-space_node_dim=\dimen160
\c__xeCJK_math-space-frozen_node_dim=\dimen161
\g__xeCJK_boundary_capture_depth_int=\count293
\g__xeCJK_boundary_suspend_depth_int=\count294
\g__xeCJK_boundary_capture_1_box=\box55
\g__xeCJK_boundary_capture_2_box=\box56
\g__xeCJK_boundary_capture_3_box=\box57
\l__xeCJK_boundary_post_box=\box58
\l__xeCJK_boundary_math_skip=\skip54
\l__xeCJK_boundary_math_actual_skip=\skip55
\l__xeCJK_boundary_math_ecglue_skip=\skip56
\l__xeCJK_boundary_math_delta_skip=\skip57
\l__xeCJK_boundary_math_space_dim=\dimen162
\l__xeCJK_boundary_math_ecglue_dim=\dimen163
\l__xeCJK_boundary_math_stretch_dim=\dimen164
\l__xeCJK_boundary_math_shrink_dim=\dimen165
\g__xeCJK_boundary_probe_type_int=\count295
\l__xeCJK_boundary_probe_box=\box59
\l__xeCJK_ccglue_skip=\skip58
\l__xeCJK_ecglue_skip=\skip59
\g__xeCJK_par_guard_dim=\dimen166
\l__xeCJK_punct_kern_skip=\skip60
\l__xeCJK_indent_box=\box60
\l__xeCJK_last_penalty_int=\count296
\l__xeCJK_last_bound_dim=\dimen167
\l__xeCJK_last_kern_dim=\dimen168
\l__xeCJK_widow_penalty_int=\count297

LaTeX template Info: Declaring template type 'xeCJK/punctuation' taking 0
(template)           argument(s) on line 4902.

\l__xeCJK_fixed_punct_width_dim=\dimen169
\l__xeCJK_mixed_punct_width_dim=\dimen170
\l__xeCJK_middle_punct_width_dim=\dimen171
\l__xeCJK_fixed_margin_width_dim=\dimen172
\l__xeCJK_mixed_margin_width_dim=\dimen173
\l__xeCJK_middle_margin_width_dim=\dimen174
\l__xeCJK_bound_punct_width_dim=\dimen175
\l__xeCJK_bound_margin_width_dim=\dimen176
\l__xeCJK_margin_minimum_dim=\dimen177
\l__xeCJK_kerning_total_width_dim=\dimen178
\l__xeCJK_same_align_margin_dim=\dimen179
\l__xeCJK_different_align_margin_dim=\dimen180
\l__xeCJK_kerning_margin_width_dim=\dimen181
\l__xeCJK_kerning_margin_minimum_dim=\dimen182
\l__xeCJK_bound_dim=\dimen183
\l__xeCJK_reverse_bound_dim=\dimen184
\l__xeCJK_margin_dim=\dimen185
\l__xeCJK_minimum_bound_dim=\dimen186
\l__xeCJK_kerning_margin_dim=\dimen187
\g__xeCJK_family_int=\count298
\l__xeCJK_fam_int=\count299
\g__xeCJK_fam_allocation_int=\count300
\l__xeCJK_verb_case_int=\count301
\l__xeCJK_verb_exspace_skip=\skip61

(X:\MiKTeX\tex/latex/fontspec\fontspec.sty
Package: fontspec 2026/08/11 v2.9h Font selection for XeLaTeX and LuaLaTeX

(X:\MiKTeX\tex/latex/fontspec\fontspec-xetex.sty
Package: fontspec-xetex 2026/08/11 v2.9h Font selection for XeLaTeX and LuaLaTe
X
\l__fontspec_script_int=\count302
\l__fontspec_language_int=\count303
\l__fontspec_strnum_int=\count304
\l__fontspec_tmp_int=\count305
\l__fontspec_tmpa_int=\count306
\l__fontspec_tmpb_int=\count307
\l__fontspec_tmpc_int=\count308
\l__fontspec_em_int=\count309
\l__fontspec_emdef_int=\count310
\l__fontspec_strong_int=\count311
\l__fontspec_strongdef_int=\count312
\l__fontspec_tmpa_dim=\dimen188
\l__fontspec_tmpb_dim=\dimen189
\l__fontspec_tmpc_dim=\dimen190

(X:\MiKTeX\tex/latex/base\fontenc.sty
Package: fontenc 2025/07/18 v2.1d Standard LaTeX package
)
(X:\MiKTeX\tex/latex/fontspec\fontspec.cfg)))
\l__xeCJK_default_char_int=\count313

(X:\MiKTeX\tex/xelatex/xecjk\xeCJK.cfg
File: xeCJK.cfg 2026/08/21 v3.10.6 Configuration file for xeCJK package
))
\ccwd=\dimen191
\l__ctex_ccglue_skip=\skip62
)
\l__ctex_ziju_dim=\dimen192

(X:\MiKTeX\tex/latex/zhnumber\zhnumber.sty
Package: zhnumber 2022/07/14 v3.0 Typesetting numbers with Chinese glyphs
\l__zhnum_scale_int=\count314
\l__zhnum_tmp_int=\count315

(X:\MiKTeX\tex/latex/zhnumber\zhnumber-utf8.cfg
File: zhnumber-utf8.cfg 2022/07/14 v3.0 Chinese numerals with UTF8 encoding
))
\l__ctex_heading_skip=\skip63

(X:\MiKTeX\tex/latex/ctex/scheme\ctex-scheme-chinese-article.def
File: ctex-scheme-chinese-article.def 2026/08/11 v2.6.5 Chinese scheme for arti
cle (CTEX)

(X:\MiKTeX\tex/latex/ctex/config\ctex-name-utf8.cfg
File: ctex-name-utf8.cfg 2026/08/11 v2.6.5 Caption with encoding UTF-8 (CTEX)
))
(X:\MiKTeX\tex/latex/ctex\ctex-cs4size.clo
File: ctex-cs4size.clo 2026/08/11 v2.6.5 cs4size option (CTEX)
)
(X:\MiKTeX\tex/latex/ctex/fontset\ctex-fontset-windows.def
File: ctex-fontset-windows.def 2026/08/11 v2.6.5 Windows fonts definition (CTEX
)

Package fontspec Info: 
(fontspec)             Could not resolve font "KaiTi/B" (it probably doesn't
(fontspec)             exist).


Package fontspec Info: 
(fontspec)             Could not resolve font "SimHei/I" (it probably doesn't
(fontspec)             exist).


Package fontspec Info: 
(fontspec)             Could not resolve font "SimSun/BI" (it probably doesn't
(fontspec)             exist).


Package fontspec Info: 
(fontspec)             Font family 'SimSun(0)' created for font 'SimSun' with
(fontspec)             options
(fontspec)             [Script={CJK},BoldFont={SimHei},ItalicFont={KaiTi}].
(fontspec)              
(fontspec)              This font family consists of the following NFSS
(fontspec)             series/shapes:
(fontspec)              
(fontspec)             - 'normal' (m/n) with NFSS spec.:
(fontspec)             <->"SimSun/OT:script=hani;language=dflt;"
(fontspec)             - 'bold' (b/n) with NFSS spec.:
(fontspec)             <->"SimHei/OT:script=hani;language=dflt;"
(fontspec)             - 'italic' (m/it) with NFSS spec.:
(fontspec)             <->"KaiTi/OT:script=hani;language=dflt;"

))
(X:\MiKTeX\tex/latex/ctex/config\ctex.cfg
File: ctex-scheme.cfg 2026/08/11 v2.6.5 Configuration file (CTEX)
)
(X:\MiKTeX\tex/generic/iftex\ifxetex.sty
Package: ifxetex 2019/10/25 v0.7 ifxetex legacy package. Use iftex instead.
 (X:\MiKTeX\tex/generic/iftex\iftex.sty
Package: iftex 2024/12/12 v1.0g TeX engine tests
)) (X:\MiKTeX\tex/latex/geometry\geometry.sty
Package: geometry 2026/03/07 v6.0 Page Geometry

(X:\MiKTeX\tex/latex/graphics\keyval.sty
Package: keyval 2026-05-17 v1.15 key=value parser (DPC)
\KV@toks@=\toks17
)
(X:\MiKTeX\tex/generic/iftex\ifvtex.sty
Package: ifvtex 2019/10/25 v1.7 ifvtex legacy package. Use iftex instead.
)
\Gm@cnth=\count316
\Gm@cntv=\count317
\c@Gm@tempcnt=\count318
\Gm@bindingoffset=\dimen193
\Gm@wd@mp=\dimen194
\Gm@odd@mp=\dimen195
\Gm@even@mp=\dimen196
\Gm@layoutwidth=\dimen197
\Gm@layoutheight=\dimen198
\Gm@layouthoffset=\dimen199
\Gm@layoutvoffset=\dimen256
\Gm@dimlist=\toks18

(X:\MiKTeX\tex/latex/geometry\geometry.cfg))
(X:\MiKTeX\tex/latex/amsmath\amsmath.sty
Package: amsmath 2026/05/19 v2.18d AMS math features
\@mathmargin=\skip64

For additional information on amsmath, use the `?' option.
(X:\MiKTeX\tex/latex/amsmath\amstext.sty
Package: amstext 2024/11/17 v2.01 AMS text

(X:\MiKTeX\tex/latex/amsmath\amsgen.sty
File: amsgen.sty 1999/11/30 v2.0 generic functions
\@emptytoks=\toks19
\ex@=\dimen257
))
(X:\MiKTeX\tex/latex/amsmath\amsbsy.sty
Package: amsbsy 1999/11/29 v1.2d Bold Symbols
\pmbraise@=\dimen258
)
(X:\MiKTeX\tex/latex/amsmath\amsopn.sty
Package: amsopn 2022/04/08 v2.04 operator names
)
\inf@bad=\count319
LaTeX Info: Redefining \frac on input line 233.
\uproot@=\count320
\leftroot@=\count321
LaTeX Info: Redefining \overline on input line 398.
LaTeX Info: Redefining \colon on input line 409.
\classnum@=\count322
\DOTSCASE@=\count323
LaTeX Info: Redefining \ldots on input line 495.
LaTeX Info: Redefining \dots on input line 498.
LaTeX Info: Redefining \cdots on input line 619.
\Mathstrutbox@=\box61
\strutbox@=\box62
LaTeX Info: Redefining \big on input line 721.
LaTeX Info: Redefining \Big on input line 722.
LaTeX Info: Redefining \bigg on input line 723.
LaTeX Info: Redefining \Bigg on input line 724.
\big@size=\dimen259
LaTeX Font Info:    Redeclaring font encoding OML on input line 742.
LaTeX Font Info:    Redeclaring font encoding OMS on input line 743.
\macc@depth=\count324
LaTeX Info: Redefining \bmod on input line 904.
LaTeX Info: Redefining \pmod on input line 909.
LaTeX Info: Redefining \smash on input line 939.
LaTeX Info: Redefining \relbar on input line 969.
LaTeX Info: Redefining \Relbar on input line 970.
\c@MaxMatrixCols=\count325
\dotsspace@=\muskip17
\c@parentequation=\count326
\dspbrk@lvl=\count327
\tag@help=\toks20
\row@=\count328
\column@=\count329
\maxfields@=\count330
\andhelp@=\toks21
\eqnshift@=\dimen260
\alignsep@=\dimen261
\tagshift@=\dimen262
\tagwidth@=\dimen263
\totwidth@=\dimen264
\lineht@=\dimen265
\@envbody=\toks22
\multlinegap=\skip65
\multlinetaggap=\skip66
\mathdisplay@stack=\toks23
LaTeX Info: Redefining \[ on input line 2965.
LaTeX Info: Redefining \] on input line 2966.
)
(X:\MiKTeX\tex/latex/amsfonts\amsfonts.sty
Package: amsfonts 2013/01/14 v3.01 Basic AMSFonts support
\symAMSa=\mathgroup4
\symAMSb=\mathgroup5
LaTeX Font Info:    Redeclaring math symbol \hbar on input line 98.
LaTeX Font Info:    Overwriting math alphabet `\mathfrak' in version `bold'
(Font)                  U/euf/m/n --> U/euf/b/n on input line 106.
)
(X:\MiKTeX\tex/latex/amsfonts\amssymb.sty
Package: amssymb 2013/01/14 v3.01 AMS font symbols
) (X:\MiKTeX\tex/latex/tools\bm.sty
Package: bm 2025/10/21 v1.2g Bold Symbol Support (DPC/FMi)
\symboldoperators=\mathgroup6
\symboldletters=\mathgroup7
\symboldsymbols=\mathgroup8
Package bm Info: No bold for \OMX/cmex/m/n, using \pmb.
Package bm Info: No bold for \U/msa/m/n, using \pmb.
Package bm Info: No bold for \U/msb/m/n, using \pmb.
LaTeX Font Info:    Redeclaring math alphabet \mathbf on input line 149.
)
(X:\MiKTeX\tex/latex/graphics\color.sty
Package: color 2026-05-17 v1.3f Standard LaTeX Color (DPC)

(X:\MiKTeX\tex/latex/graphics-cfg\color.cfg
File: color.cfg 2016/01/02 v1.6 sample color configuration
)
Package color Info: Driver file: xetex.def on input line 149.

(X:\MiKTeX\tex/latex/graphics-def\xetex.def
File: xetex.def 2025/11/01 v5.0p Graphics/color driver for xetex
)
(X:\MiKTeX\tex/latex/graphics\mathcolor.ltx))
(X:\MiKTeX\tex/latex/xcolor\xcolor.sty
Package: xcolor 2024/09/29 v3.02 LaTeX color extensions (UK)

(X:\MiKTeX\tex/latex/graphics-cfg\color.cfg
File: color.cfg 2016/01/02 v1.6 sample color configuration
)
Package xcolor Info: Driver file: xetex.def on input line 274.
LaTeX Info: Redefining \color on input line 762.

(X:\MiKTeX\tex/latex/graphics\mathcolor.ltx)
Package xcolor Info: Model `cmy' substituted by `cmy0' on input line 1349.
Package xcolor Info: Model `RGB' extended on input line 1365.
Package xcolor Info: Model `HTML' substituted by `rgb' on input line 1367.
Package xcolor Info: Model `Hsb' substituted by `hsb' on input line 1368.
Package xcolor Info: Model `tHsb' substituted by `hsb' on input line 1369.
Package xcolor Info: Model `HSB' substituted by `hsb' on input line 1370.
Package xcolor Info: Model `Gray' substituted by `gray' on input line 1371.
Package xcolor Info: Model `wave' substituted by `hsb' on input line 1372.
)
(X:\MiKTeX\tex/latex/graphics\graphicx.sty
Package: graphicx 2026-05-17 v1.2e Enhanced LaTeX Graphics (DPC,SPQR)

(X:\MiKTeX\tex/latex/graphics\graphics.sty
Package: graphics 2026-05-17 v1.4h Standard LaTeX Graphics (DPC,SPQR)

(X:\MiKTeX\tex/latex/graphics\trig.sty
Package: trig 2023/12/02 v1.11 sin cos tan (DPC)
)
(X:\MiKTeX\tex/latex/graphics-cfg\graphics.cfg
File: graphics.cfg 2016/06/04 v1.11 sample graphics configuration
)
Package graphics Info: Driver file: xetex.def on input line 106.
)
\Gin@req@height=\dimen266
\Gin@req@width=\dimen267
)
(X:\MiKTeX\tex/latex/tools\tabularx.sty
Package: tabularx 2023/12/11 v2.12a `tabularx' package (DPC)
 (X:\MiKTeX\tex/latex/tools\array.sty
Package: array 2026/02/24 v2.7b Tabular extension package (FMi)
\col@sep=\dimen268
\ar@mcellbox=\box63
\extrarowheight=\dimen269
\NC@list=\toks24
\extratabsurround=\skip67
\backup@length=\skip68
\ar@cellbox=\box64
)
\TX@col@width=\dimen270
\TX@old@table=\dimen271
\TX@old@col=\dimen272
\TX@target=\dimen273
\TX@delta=\dimen274
\TX@cols=\count331
\TX@ftn=\toks25
)
(X:\MiKTeX\tex/latex/makecell\makecell.sty
Package: makecell 2009/08/03 V0.1e Managing of Tab Column Heads and Cells
\rotheadsize=\dimen275
\c@nlinenum=\count332
\TeXr@lab=\toks26
)
(X:\MiKTeX\tex/latex/tools\longtable.sty
Package: longtable 2026-01-28 v4.27 Multi-page Table package (DPC)
\LTleft=\skip69
\LTright=\skip70
\LTpre=\skip71
\LTpost=\skip72
\LTchunksize=\count333
\LTcapwidth=\dimen276
\LT@head=\box65
\LT@firsthead=\box66
\LT@foot=\box67
\LT@lastfoot=\box68
\LT@gbox=\box69
\LT@cols=\count334
\LT@rows=\count335
\c@LT@tables=\count336
\c@LT@chunks=\count337
\LT@p@ftn=\toks27
)
(X:\MiKTeX\tex/latex/booktabs\booktabs.sty
Package: booktabs 2020/01/12 v1.61803398 Publication quality tables
\heavyrulewidth=\dimen277
\lightrulewidth=\dimen278
\cmidrulewidth=\dimen279
\belowrulesep=\dimen280
\belowbottomsep=\dimen281
\aboverulesep=\dimen282
\abovetopsep=\dimen283
\cmidrulesep=\dimen284
\cmidrulekern=\dimen285
\defaultaddspace=\dimen286
\@cmidla=\count338
\@cmidlb=\count339
\@aboverulesep=\dimen287
\@belowrulesep=\dimen288
\@thisruleclass=\count340
\@lastruleclass=\count341
\@thisrulewidth=\dimen289
)
(X:\MiKTeX\tex/latex/multirow\multirow.sty
Package: multirow 2024/11/12 v2.9 Span multiple rows of a table
\multirow@colwidth=\skip73
\multirow@cntb=\count342
\multirow@dima=\skip74
\bigstrutjot=\dimen290
)
(X:\MiKTeX\tex/latex/multirow\bigstrut.sty
Package: bigstrut 2024/11/12 v2.9 Provide larger struts in tabulars
)
(X:\MiKTeX\tex/latex/multirow\bigdelim.sty
Package: bigdelim 2024/11/12 v2.9 Create big delimiters in tabular or array
)
(X:\MiKTeX\tex/latex/cprotect\cprotect.sty
Package: cprotect 2011/01/27 v1.0e (Bruno Le Floch)
 (X:\MiKTeX\tex/latex/base\ifthen.sty
Package: ifthen 2024/03/16 v1.1e Standard LaTeX ifthen package (DPC)
) (X:\MiKTeX\tex/latex/bigfoot\suffix.sty
Package: suffix 2006/07/15 1.5a Variant command support
)
\CPT@WriteOut=\write3
\c@CPT@WriteCount=\count343
\c@CPT@numB=\count344
\CPT@commandatend@toks=\toks28
)
(X:\MiKTeX\tex/latex/listings\listings.sty
\lst@mode=\count345
\lst@gtempboxa=\box70
\lst@token=\toks29
\lst@length=\count346
\lst@currlwidth=\dimen291
\lst@column=\count347
\lst@pos=\count348
\lst@lostspace=\dimen292
\lst@width=\dimen293
\lst@newlines=\count349
\lst@lineno=\count350
\lst@maxwidth=\dimen294

(X:\MiKTeX\tex/latex/listings\lstpatch.sty
File: lstpatch.sty 2025/11/14 1.11b (Carsten Heinz)
)
(X:\MiKTeX\tex/latex/listings\lstmisc.sty
File: lstmisc.sty 2025/11/14 1.11b (Carsten Heinz)
\c@lstnumber=\count351
\lst@skipnumbers=\count352
\lst@framebox=\box71
)
(X:\MiKTeX\tex/latex/listings\listings.cfg
File: listings.cfg 2025/11/14 1.11b listings configuration
))
Package: listings 2025/11/14 1.11b (Carsten Heinz)

(X:\MiKTeX\tex/xelatex/xecjk\xeCJK-listings.sty
Package: xeCJK-listings 2026/08/21 v3.10.6 xeCJK patch file for listings
\l__xeCJK_listings_max_char_int=\count353
\l__xeCJK_listings_flag_int=\count354
)
(X:\MiKTeX\tex/latex/tools\indentfirst.sty
Package: indentfirst 2023/07/02 v1.03 Indent first paragraph (DPC)
)
(X:\MiKTeX\tex/latex/caption\caption.sty
Package: caption 2023/08/05 v3.6o Customizing captions (AR)

(X:\MiKTeX\tex/latex/caption\caption3.sty
Package: caption3 2023/07/31 v2.4d caption3 kernel (AR)
\caption@tempdima=\dimen295
\captionmargin=\dimen296
\caption@leftmargin=\dimen297
\caption@rightmargin=\dimen298
\caption@width=\dimen299
\caption@indent=\dimen300
\caption@parindent=\dimen301
\caption@hangindent=\dimen302
Package caption Info: Standard document class detected.
)
\c@caption@flags=\count355
\c@continuedfloat=\count356
Package caption Info: listings package is loaded.
Package caption Info: longtable package is loaded.

(X:\MiKTeX\tex/latex/caption\ltcaption.sty
Package: ltcaption 2021/01/08 v1.4c longtable captions (AR)
))
(X:\MiKTeX\tex/latex/enumitem\enumitem.sty
Package: enumitem 2025/02/06 v3.11 Customized lists
\labelindent=\skip75
\enit@outerparindent=\dimen303
\enit@toks=\toks30
\enit@inbox=\box72
\enit@count@id=\count357
\enitdp@description=\count358
) (X:\MiKTeX\tex/latex/ulem\ulem.sty
\UL@box=\box73
\UL@hyphenbox=\box74
\UL@skip=\skip76
\UL@hook=\toks31
\UL@height=\dimen304
\UL@pe=\count359
\UL@pixel=\dimen305
\ULC@box=\box75
Package: ulem 2019/11/18
\ULdepth=\dimen306
) (X:\MiKTeX\tex/latex/tools\calc.sty
Package: calc 2025/03/01 v4.3b Infix arithmetic (KKT,FJ)
\calc@Acount=\count360
\calc@Bcount=\count361
\calc@Adimen=\dimen307
\calc@Bdimen=\dimen308
\calc@Askip=\skip77
\calc@Bskip=\skip78
LaTeX Info: Redefining \setlength on input line 86.
LaTeX Info: Redefining \addtolength on input line 87.
\calc@Ccount=\count362
\calc@Cskip=\skip79
)
(X:\MiKTeX\tex/latex/titlesec\titletoc.sty
Package: titletoc 2025/01/04 v2.17 TOC entries
\ttl@leftsep=\dimen309
) (X:\MiKTeX\tex/latex/url\url.sty
\Urlmuskip=\muskip18
Package: url 2013/09/16  ver 3.4  Verb mode for urls, etc.
)
(X:\MiKTeX\tex/latex/natbib\natbib.sty
Package: natbib 2010/09/13 8.31b (PWD, AO)
\bibhang=\skip80
\bibsep=\skip81
LaTeX Info: Redefining \cite on input line 694.
\c@NAT@ctr=\count363
)
(X:\MiKTeX\tex/latex/etoolbox\etoolbox.sty
Package: etoolbox 2025/10/02 v2.5m e-TeX tools for LaTeX (JAW)
\etb@tempcnta=\count364
)
(X:\MiKTeX\tex/latex/hyperref\hyperref.sty
Package: hyperref 2026-06-17 v7.01r Hypertext links for LaTeX

(X:\MiKTeX\tex/latex/kvsetkeys\kvsetkeys.sty
Package: kvsetkeys 2022-10-05 v1.19 Key value parser (HO)
)
(X:\MiKTeX\tex/generic/kvdefinekeys\kvdefinekeys.sty
Package: kvdefinekeys 2019-12-19 v1.6 Define keys (HO)
)
(X:\MiKTeX\tex/generic/pdfescape\pdfescape.sty
Package: pdfescape 2019/12/09 v1.15 Implements pdfTeX's escape features (HO)

(X:\MiKTeX\tex/generic/ltxcmds\ltxcmds.sty
Package: ltxcmds 2023-12-04 v1.26 LaTeX kernel commands for general use (HO)
)
(X:\MiKTeX\tex/generic/pdftexcmds\pdftexcmds.sty
Package: pdftexcmds 2020-06-27 v0.33 Utility functions of pdfTeX for LuaTeX (HO
)

(X:\MiKTeX\tex/generic/infwarerr\infwarerr.sty
Package: infwarerr 2019/12/03 v1.5 Providing info/warning/error messages (HO)
)
Package pdftexcmds Info: \pdf@primitive is available.
Package pdftexcmds Info: \pdf@ifprimitive is available.
Package pdftexcmds Info: \pdfdraftmode not found.
))
(X:\MiKTeX\tex/latex/hycolor\hycolor.sty
Package: hycolor 2020-01-27 v1.10 Color options for hyperref/bookmark (HO)
)
(X:\MiKTeX\tex/latex/hyperref\nameref.sty
Package: nameref 2026-01-29 v2.58 Cross-referencing by name of section

(X:\MiKTeX\tex/latex/refcount\refcount.sty
Package: refcount 2019/12/15 v3.6 Data extraction from label references (HO)
)
(X:\MiKTeX\tex/generic/gettitlestring\gettitlestring.sty
Package: gettitlestring 2019/12/15 v1.6 Cleanup title references (HO)

(X:\MiKTeX\tex/latex/kvoptions\kvoptions.sty
Package: kvoptions 2022-06-15 v3.15 Key value format for package options (HO)
))
\c@section@level=\count365
)
(X:\MiKTeX\tex/generic/stringenc\stringenc.sty
Package: stringenc 2019/11/29 v1.12 Convert strings between diff. encodings (HO
)
)
\@linkdim=\dimen310
\Hy@linkcounter=\count366
\Hy@pagecounter=\count367

(X:\MiKTeX\tex/latex/hyperref\pd1enc.def
File: pd1enc.def 2026-06-17 v7.01r Hyperref: PDFDocEncoding definition (HO)
)
(X:\MiKTeX\tex/generic/intcalc\intcalc.sty
Package: intcalc 2019/12/15 v1.3 Expandable calculations with integers (HO)
)
\Hy@SavedSpaceFactor=\count368

(X:\MiKTeX\tex/latex/hyperref\puenc.def
File: puenc.def 2026-06-17 v7.01r Hyperref: PDF Unicode definition (HO)
)
Package hyperref Info: Option `unicode' set `true' on input line 4070.
Package hyperref Info: Hyper figures OFF on input line 4199.
Package hyperref Info: Link nesting OFF on input line 4204.
Package hyperref Info: Hyper index ON on input line 4207.
Package hyperref Info: Plain pages OFF on input line 4214.
Package hyperref Info: Backreferencing OFF on input line 4219.
Package hyperref Info: Implicit mode ON; LaTeX internals redefined.
Package hyperref Info: Bookmarks ON on input line 4466.
\c@Hy@tempcnt=\count369
LaTeX Info: Redefining \url on input line 4805.
\XeTeXLinkMargin=\dimen311

(X:\MiKTeX\tex/generic/bitset\bitset.sty
Package: bitset 2019/12/09 v1.3 Handle bit-vector datatype (HO)

(X:\MiKTeX\tex/generic/bigintcalc\bigintcalc.sty
Package: bigintcalc 2019/12/15 v1.5 Expandable calculations on big integers (HO
)
))
\Fld@menulength=\count370
\Field@Width=\dimen312
\Fld@charsize=\dimen313
Package hyperref Info: Hyper figures OFF on input line 6091.
Package hyperref Info: Link nesting OFF on input line 6096.
Package hyperref Info: Hyper index ON on input line 6099.
Package hyperref Info: backreferencing OFF on input line 6106.
Package hyperref Info: Link coloring OFF on input line 6111.
Package hyperref Info: Link coloring with OCG OFF on input line 6116.
Package hyperref Info: PDF/A mode OFF on input line 6121.
\Hy@abspage=\count371
\c@Item=\count372
\c@Hfootnote=\count373
)
Package hyperref Info: Driver (autodetected): hxetex.

(X:\MiKTeX\tex/latex/hyperref\hxetex.def
File: hxetex.def 2026-06-17 v7.01r Hyperref driver for XeTeX
\pdfm@box=\box76
\c@Hy@AnnotLevel=\count374
\HyField@AnnotCount=\count375
\Fld@listcount=\count376
\c@bookmark@seq@number=\count377

(X:\MiKTeX\tex/latex/rerunfilecheck\rerunfilecheck.sty
Package: rerunfilecheck 2025-06-21 v1.11 Rerun checks for auxiliary files (HO)

(X:\MiKTeX\tex/generic/uniquecounter\uniquecounter.sty
Package: uniquecounter 2019/12/15 v1.4 Provide unlimited unique counter (HO)
)
Package uniquecounter Info: New unique counter `rerunfilecheck' on input line 2
84.
)
\Hy@SectionHShift=\skip82
)

Package fontspec Info: 
(fontspec)             Font family 'TimesNewRoman(0)' created for font 'Times
(fontspec)             New Roman' with options [Ligatures=TeX].
(fontspec)              
(fontspec)              This font family consists of the following NFSS
(fontspec)             series/shapes:
(fontspec)              
(fontspec)             - 'normal' (m/n) with NFSS spec.: <->"Times New
(fontspec)             Roman/OT:script=latn;language=dflt;mapping=tex-text;"
(fontspec)             - 'small caps'  (m/sc) with NFSS spec.: <->"Times New
(fontspec)             Roman/OT:script=latn;language=dflt;+smcp;mapping=tex-tex
t;"
(fontspec)             - 'bold' (b/n) with NFSS spec.: <->"Times New
(fontspec)             Roman/B/OT:script=latn;language=dflt;mapping=tex-text;"
(fontspec)             - 'bold small caps'  (b/sc) with NFSS spec.: <->"Times
(fontspec)             New
(fontspec)             Roman/B/OT:script=latn;language=dflt;+smcp;mapping=tex-t
ext;"
(fontspec)             - 'italic' (m/it) with NFSS spec.: <->"Times New
(fontspec)             Roman/I/OT:script=latn;language=dflt;mapping=tex-text;"
(fontspec)             - 'italic small caps'  (m/scit) with NFSS spec.:
(fontspec)             <->"Times New
(fontspec)             Roman/I/OT:script=latn;language=dflt;+smcp;mapping=tex-t
ext;"
(fontspec)             - 'bold italic' (b/it) with NFSS spec.: <->"Times New
(fontspec)             Roman/BI/OT:script=latn;language=dflt;mapping=tex-text;"

(fontspec)             - 'bold italic small caps'  (b/scit) with NFSS spec.:
(fontspec)             <->"Times New
(fontspec)             Roman/BI/OT:script=latn;language=dflt;+smcp;mapping=tex-
text;"


Package fontspec Info: 
(fontspec)             Font family 'Arial(0)' created for font 'Arial' with
(fontspec)             options [Ligatures=TeX].
(fontspec)              
(fontspec)              This font family consists of the following NFSS
(fontspec)             series/shapes:
(fontspec)              
(fontspec)             - 'normal' (m/n) with NFSS spec.:
(fontspec)             <->"Arial/OT:script=latn;language=dflt;mapping=tex-text;
"
(fontspec)             - 'small caps'  (m/sc) with NFSS spec.:
(fontspec)             <->"Arial/OT:script=latn;language=dflt;+smcp;mapping=tex
-text;"
(fontspec)             - 'bold' (b/n) with NFSS spec.:
(fontspec)             <->"Arial/B/OT:script=latn;language=dflt;mapping=tex-tex
t;"
(fontspec)             - 'bold small caps'  (b/sc) with NFSS spec.:
(fontspec)             <->"Arial/B/OT:script=latn;language=dflt;+smcp;mapping=t
ex-text;"
(fontspec)             - 'italic' (m/it) with NFSS spec.:
(fontspec)             <->"Arial/I/OT:script=latn;language=dflt;mapping=tex-tex
t;"
(fontspec)             - 'italic small caps'  (m/scit) with NFSS spec.:
(fontspec)             <->"Arial/I/OT:script=latn;language=dflt;+smcp;mapping=t
ex-text;"
(fontspec)             - 'bold italic' (b/it) with NFSS spec.:
(fontspec)             <->"Arial/BI/OT:script=latn;language=dflt;mapping=tex-te
xt;"
(fontspec)             - 'bold italic small caps'  (b/scit) with NFSS spec.:
(fontspec)             <->"Arial/BI/OT:script=latn;language=dflt;+smcp;mapping=
tex-text;"


Package fontspec Info: 
(fontspec)             Courier New scale = 1.057733558623334.


Package fontspec Info: 
(fontspec)             Courier New scale = 1.057733558623334.


Package fontspec Info: 
(fontspec)             Courier New/B scale = 1.008809074804275.


Package fontspec Info: 
(fontspec)             Courier New/I scale = 1.057733558623334.


Package fontspec Info: 
(fontspec)             Courier New/BI scale = 1.008809074804275.


Package fontspec Info: 
(fontspec)             Font family 'CourierNew(0)' created for font 'Courier
(fontspec)             New' with options
(fontspec)             [WordSpace={1,0,0},HyphenChar=None,PunctuationSpace=Word
Space,Scale=MatchLowercase].
(fontspec)              
(fontspec)              This font family consists of the following NFSS
(fontspec)             series/shapes:
(fontspec)              
(fontspec)             - 'normal' (m/n) with NFSS spec.:
(fontspec)             <->s*[1.057733558623334]"Courier
(fontspec)             New/OT:script=latn;language=dflt;"
(fontspec)             - 'bold' (b/n) with NFSS spec.:
(fontspec)             <->s*[1.008809074804275]"Courier
(fontspec)             New/B/OT:script=latn;language=dflt;"
(fontspec)             - 'italic' (m/it) with NFSS spec.:
(fontspec)             <->s*[1.057733558623334]"Courier
(fontspec)             New/I/OT:script=latn;language=dflt;"
(fontspec)             - 'bold italic' (b/it) with NFSS spec.:
(fontspec)             <->s*[1.008809074804275]"Courier
(fontspec)             New/BI/OT:script=latn;language=dflt;"



Package xeCJK Warning: Redefining CJKfamily `\CJKrmdefault' (SimSun(0)).


Package fontspec Info: 
(fontspec)             Could not resolve font "KaiTi/B" (it probably doesn't
(fontspec)             exist).


Package fontspec Info: 
(fontspec)             Could not resolve font "SimSun/I" (it probably doesn't
(fontspec)             exist).


Package fontspec Info: 
(fontspec)             Could not resolve font "SimSun/BI" (it probably doesn't
(fontspec)             exist).


Package fontspec Info: 
(fontspec)             Font family 'SimSun(1)' created for font 'SimSun' with
(fontspec)             options
(fontspec)             [Script={CJK},AutoFakeBold={2.15},ItalicFont={KaiTi}].
(fontspec)              
(fontspec)              This font family consists of the following NFSS
(fontspec)             series/shapes:
(fontspec)              
(fontspec)             - 'normal' (m/n) with NFSS spec.:
(fontspec)             <->"SimSun/OT:script=hani;language=dflt;"
(fontspec)             - 'bold' (b/n) with NFSS spec.:
(fontspec)             <->"SimSun/OT:script=hani;language=dflt;embolden=2.15;"
(fontspec)             - 'italic' (m/it) with NFSS spec.:
(fontspec)             <->"KaiTi/OT:script=hani;language=dflt;"


Package xeCJK Warning: Redefining CJKfamily `zhkai' (KaiTi).


Package xeCJK Warning: Redefining CJKfamily `\CJKsfdefault' (Microsoft YaHei).


Package xeCJK Warning: Redefining CJKfamily `zhsong' (SimSun).


Package xeCJK Warning: Redefining CJKfamily `zhhei' (SimHei).

\c@definition=\count378
\c@theorem=\count379
\c@lemma=\count380
\c@corollary=\count381
\c@assumption=\count382
\c@conjecture=\count383
\c@axiom=\count384
\c@principle=\count385
\c@problem=\count386
\c@example=\count387
\c@proof=\count388
\c@solution=\count389

Package hyperref Warning: Option `hyperfootnotes' has already been used,
(hyperref)                setting the option has no effect on input line 386.


Package hyperref Warning: Option `hyperindex' has already been used,
(hyperref)                setting the option has no effect on input line 386.

Package hyperref Info: Option `colorlinks' set `true' on input line 386.
Package hyperref Info: Option `bookmarksnumbered' set `true' on input line 386.

Package hyperref Info: Option `bookmarksopen' set `true' on input line 386.
Package hyperref Info: Option `breaklinks' set `true' on input line 386.
(X:\MiKTeX\tex/latex/tocloft\tocloft.sty
Package: tocloft 2026-08-21 v3.0b parameterised ToC, etc., typesetting
Package tocloft Info: The document has section divisions on input line 64.
\cftparskip=\skip83
\cftbeforetoctitleskip=\skip84
\cftaftertoctitleskip=\skip85
\cftbeforepartskip=\skip86
\cftpartnumwidth=\skip87
\cftpartindent=\skip88
\cftbeforesecskip=\skip89
\cftsecindent=\skip90
\cftsecnumwidth=\skip91
\cftbeforesubsecskip=\skip92
\cftsubsecindent=\skip93
\cftsubsecnumwidth=\skip94
\cftbeforesubsubsecskip=\skip95
\cftsubsubsecindent=\skip96
\cftsubsubsecnumwidth=\skip97
\cftbeforeparaskip=\skip98
\cftparaindent=\skip99
\cftparanumwidth=\skip100
\cftbeforesubparaskip=\skip101
\cftsubparaindent=\skip102
\cftsubparanumwidth=\skip103
\cftbeforeloftitleskip=\skip104
\cftafterloftitleskip=\skip105
\cftbeforefigskip=\skip106
\cftfigindent=\skip107
\cftfignumwidth=\skip108
\c@lofdepth=\count390
\c@lotdepth=\count391
\cftbeforelottitleskip=\skip109
\cftafterlottitleskip=\skip110
\cftbeforetabskip=\skip111
\cfttabindent=\skip112
\cfttabnumwidth=\skip113
)
(X:\MiKTeX\tex/latex/appendix\appendix.sty
Package: appendix 2020/02/08 v1.2c extra appendix facilities
\c@@pps=\count392
\c@@ppsavesec=\count393
\c@@ppsaveapp=\count394
))
(X:\MiKTeX\tex/latex/mdframed\mdframed.sty
Package: mdframed 2013/07/01 1.9b: mdframed

(X:\MiKTeX\tex/latex/l3packages/xparse\xparse.sty
Package: xparse 2025-10-09 L3 Experimental document command parser
)
(X:\MiKTeX\tex/latex/zref\zref-abspage.sty
Package: zref-abspage 2026-03-07 v2.37 Module abspage for zref (HO)

(X:\MiKTeX\tex/latex/zref\zref-base.sty
Package: zref-base 2026-03-07 v2.37 Module base for zref (HO)

(X:\MiKTeX\tex/generic/etexcmds\etexcmds.sty
Package: etexcmds 2019/12/15 v1.7 Avoid name clashes with e-TeX commands (HO)
)
(X:\MiKTeX\tex/latex/auxhook\auxhook.sty
Package: auxhook 2019-12-17 v1.6 Hooks for auxiliary files (HO)
)
Package zref Info: New property list: main on input line 767.
Package zref Info: New property: default on input line 768.
Package zref Info: New property: page on input line 769.
)
\c@abspage=\count395
Package zref Info: New property: abspage on input line 67.
)
(X:\MiKTeX\tex/latex/needspace\needspace.sty
Package: needspace 2025/03/13 v1.3e reserve vertical space
)
\mdf@templength=\skip114
\c@mdf@globalstyle@cnt=\count396
\mdf@skipabove@length=\skip115
\mdf@skipbelow@length=\skip116
\mdf@leftmargin@length=\skip117
\mdf@rightmargin@length=\skip118
\mdf@innerleftmargin@length=\skip119
\mdf@innerrightmargin@length=\skip120
\mdf@innertopmargin@length=\skip121
\mdf@innerbottommargin@length=\skip122
\mdf@splittopskip@length=\skip123
\mdf@splitbottomskip@length=\skip124
\mdf@outermargin@length=\skip125
\mdf@innermargin@length=\skip126
\mdf@linewidth@length=\skip127
\mdf@innerlinewidth@length=\skip128
\mdf@middlelinewidth@length=\skip129
\mdf@outerlinewidth@length=\skip130
\mdf@roundcorner@length=\skip131
\mdf@footenotedistance@length=\skip132
\mdf@userdefinedwidth@length=\skip133
\mdf@needspace@length=\skip134
\mdf@frametitleaboveskip@length=\skip135
\mdf@frametitlebelowskip@length=\skip136
\mdf@frametitlerulewidth@length=\skip137
\mdf@frametitleleftmargin@length=\skip138
\mdf@frametitlerightmargin@length=\skip139
\mdf@shadowsize@length=\skip140
\mdf@extratopheight@length=\skip141
\mdf@subtitleabovelinewidth@length=\skip142
\mdf@subtitlebelowlinewidth@length=\skip143
\mdf@subtitleaboveskip@length=\skip144
\mdf@subtitlebelowskip@length=\skip145
\mdf@subtitleinneraboveskip@length=\skip146
\mdf@subtitleinnerbelowskip@length=\skip147
\mdf@subsubtitleabovelinewidth@length=\skip148
\mdf@subsubtitlebelowlinewidth@length=\skip149
\mdf@subsubtitleaboveskip@length=\skip150
\mdf@subsubtitlebelowskip@length=\skip151
\mdf@subsubtitleinneraboveskip@length=\skip152
\mdf@subsubtitleinnerbelowskip@length=\skip153

(X:\MiKTeX\tex/latex/pgf/frontendlayer\tikz.sty
(X:\MiKTeX\tex/latex/pgf/basiclayer\pgf.sty
(X:\MiKTeX\tex/latex/pgf/utilities\pgfrcs.sty
(X:\MiKTeX\tex/generic/pgf/utilities\pgfutil-common.tex
\pgfutil@everybye=\toks32
\pgfutil@tempdima=\dimen314
\pgfutil@tempdimb=\dimen315
)
(X:\MiKTeX\tex/generic/pgf/utilities\pgfutil-latex.def
\pgfutil@abb=\box77
)
(X:\MiKTeX\tex/generic/pgf/utilities\pgfrcs.code.tex
(X:\MiKTeX\tex/generic/pgf\pgf.revision.tex)
Package: pgfrcs 2026-08-01 v3.1.12 (3.1.12)
))
Package: pgf 2026-08-01 v3.1.12 (3.1.12)

(X:\MiKTeX\tex/latex/pgf/basiclayer\pgfcore.sty
(X:\MiKTeX\tex/latex/pgf/systemlayer\pgfsys.sty
(X:\MiKTeX\tex/generic/pgf/systemlayer\pgfsys.code.tex
Package: pgfsys 2026-08-01 v3.1.12 (3.1.12)

(X:\MiKTeX\tex/generic/pgf/utilities\pgfkeys.code.tex
\pgfkeys@pathtoks=\toks33
\pgfkeys@temptoks=\toks34

(X:\MiKTeX\tex/generic/pgf/utilities\pgfkeyslibraryfiltered.code.tex
\pgfkeys@tmptoks=\toks35
))
\pgf@x=\dimen316
\pgf@y=\dimen317
\pgf@xa=\dimen318
\pgf@ya=\dimen319
\pgf@xb=\dimen320
\pgf@yb=\dimen321
\pgf@xc=\dimen322
\pgf@yc=\dimen323
\pgf@xd=\dimen324
\pgf@yd=\dimen325
\w@pgf@writea=\write4
\r@pgf@reada=\read2
\c@pgf@counta=\count397
\c@pgf@countb=\count398
\c@pgf@countc=\count399
\c@pgf@countd=\count400
\t@pgf@toka=\toks36
\t@pgf@tokb=\toks37
\t@pgf@tokc=\toks38
\pgf@sys@id@count=\count401

(X:\MiKTeX\tex/generic/pgf/systemlayer\pgf.cfg
File: pgf.cfg 2026-08-01 v3.1.12 (3.1.12)
)
Driver file for pgf: pgfsys-xetex.def

(X:\MiKTeX\tex/generic/pgf/systemlayer\pgfsys-xetex.def
File: pgfsys-xetex.def 2026-08-01 v3.1.12 (3.1.12)

(X:\MiKTeX\tex/generic/pgf/systemlayer\pgfsys-dvipdfmx.def
File: pgfsys-dvipdfmx.def 2026-08-01 v3.1.12 (3.1.12)

(X:\MiKTeX\tex/generic/pgf/systemlayer\pgfsys-common-pdf.def
File: pgfsys-common-pdf.def 2026-08-01 v3.1.12 (3.1.12)
)
\pgfsys@objnum=\count402
)))
(X:\MiKTeX\tex/generic/pgf/systemlayer\pgfsyssoftpath.code.tex
File: pgfsyssoftpath.code.tex 2026-08-01 v3.1.12 (3.1.12)
\pgfsyssoftpath@smallbuffer@items=\count403
\pgfsyssoftpath@bigbuffer@items=\count404
)
(X:\MiKTeX\tex/generic/pgf/systemlayer\pgfsysprotocol.code.tex
File: pgfsysprotocol.code.tex 2026-08-01 v3.1.12 (3.1.12)
))
(X:\MiKTeX\tex/generic/pgf/basiclayer\pgfcore.code.tex
Package: pgfcore 2026-08-01 v3.1.12 (3.1.12)

(X:\MiKTeX\tex/generic/pgf/math\pgfmath.code.tex
(X:\MiKTeX\tex/generic/pgf/math\pgfmathutil.code.tex)
(X:\MiKTeX\tex/generic/pgf/math\pgfmathparser.code.tex
\pgfmath@dimen=\dimen326
\pgfmath@count=\count405
\pgfmath@box=\box78
\pgfmath@toks=\toks39
\pgfmath@stack@operand=\toks40
\pgfmath@stack@operation=\toks41
)
(X:\MiKTeX\tex/generic/pgf/math\pgfmathfunctions.code.tex)
(X:\MiKTeX\tex/generic/pgf/math\pgfmathfunctions.basic.code.tex)
(X:\MiKTeX\tex/generic/pgf/math\pgfmathfunctions.trigonometric.code.tex)
(X:\MiKTeX\tex/generic/pgf/math\pgfmathfunctions.random.code.tex)
(X:\MiKTeX\tex/generic/pgf/math\pgfmathfunctions.comparison.code.tex)
(X:\MiKTeX\tex/generic/pgf/math\pgfmathfunctions.base.code.tex)
(X:\MiKTeX\tex/generic/pgf/math\pgfmathfunctions.round.code.tex)
(X:\MiKTeX\tex/generic/pgf/math\pgfmathfunctions.misc.code.tex)
(X:\MiKTeX\tex/generic/pgf/math\pgfmathfunctions.integerarithmetics.code.tex)
(X:\MiKTeX\tex/generic/pgf/math\pgfmathcalc.code.tex)
(X:\MiKTeX\tex/generic/pgf/math\pgfmathfloat.code.tex
\c@pgfmathroundto@lastzeros=\count406
))
(X:\MiKTeX\tex/generic/pgf/math\pgfint.code.tex)
(X:\MiKTeX\tex/generic/pgf/basiclayer\pgfcorepoints.code.tex
File: pgfcorepoints.code.tex 2026-08-01 v3.1.12 (3.1.12)
\pgf@picminx=\dimen327
\pgf@picmaxx=\dimen328
\pgf@picminy=\dimen329
\pgf@picmaxy=\dimen330
\pgf@pathminx=\dimen331
\pgf@pathmaxx=\dimen332
\pgf@pathminy=\dimen333
\pgf@pathmaxy=\dimen334
\pgf@xx=\dimen335
\pgf@xy=\dimen336
\pgf@yx=\dimen337
\pgf@yy=\dimen338
\pgf@zx=\dimen339
\pgf@zy=\dimen340
)
(X:\MiKTeX\tex/generic/pgf/basiclayer\pgfcorepathconstruct.code.tex
File: pgfcorepathconstruct.code.tex 2026-08-01 v3.1.12 (3.1.12)
\pgf@path@lastx=\dimen341
\pgf@path@lasty=\dimen342
)
(X:\MiKTeX\tex/generic/pgf/basiclayer\pgfcorepathusage.code.tex
File: pgfcorepathusage.code.tex 2026-08-01 v3.1.12 (3.1.12)
\pgf@shorten@end@additional=\dimen343
\pgf@shorten@start@additional=\dimen344
)
(X:\MiKTeX\tex/generic/pgf/basiclayer\pgfcorescopes.code.tex
File: pgfcorescopes.code.tex 2026-08-01 v3.1.12 (3.1.12)
\pgfpic=\box79
\pgf@hbox=\box80
\pgf@layerbox@main=\box81
\pgf@picture@serial@count=\count407
)
(X:\MiKTeX\tex/generic/pgf/basiclayer\pgfcoregraphicstate.code.tex
File: pgfcoregraphicstate.code.tex 2026-08-01 v3.1.12 (3.1.12)
\pgflinewidth=\dimen345
)
(X:\MiKTeX\tex/generic/pgf/basiclayer\pgfcoretransformations.code.tex
File: pgfcoretransformations.code.tex 2026-08-01 v3.1.12 (3.1.12)
\pgf@pt@x=\dimen346
\pgf@pt@y=\dimen347
\pgf@pt@temp=\dimen348
)
(X:\MiKTeX\tex/generic/pgf/basiclayer\pgfcorequick.code.tex
File: pgfcorequick.code.tex 2026-08-01 v3.1.12 (3.1.12)
)
(X:\MiKTeX\tex/generic/pgf/basiclayer\pgfcoreobjects.code.tex
File: pgfcoreobjects.code.tex 2026-08-01 v3.1.12 (3.1.12)
)
(X:\MiKTeX\tex/generic/pgf/basiclayer\pgfcorepathprocessing.code.tex
File: pgfcorepathprocessing.code.tex 2026-08-01 v3.1.12 (3.1.12)
)
(X:\MiKTeX\tex/generic/pgf/basiclayer\pgfcorearrows.code.tex
File: pgfcorearrows.code.tex 2026-08-01 v3.1.12 (3.1.12)
\pgfarrowsep=\dimen349
)
(X:\MiKTeX\tex/generic/pgf/basiclayer\pgfcoreshade.code.tex
File: pgfcoreshade.code.tex 2026-08-01 v3.1.12 (3.1.12)
\pgf@max=\dimen350
\pgf@sys@shading@range@num=\count408
\pgf@shadingcount=\count409
)
(X:\MiKTeX\tex/generic/pgf/basiclayer\pgfcoreimage.code.tex
File: pgfcoreimage.code.tex 2026-08-01 v3.1.12 (3.1.12)
)
(X:\MiKTeX\tex/generic/pgf/basiclayer\pgfcoreexternal.code.tex
File: pgfcoreexternal.code.tex 2026-08-01 v3.1.12 (3.1.12)
\pgfexternal@startupbox=\box82
)
(X:\MiKTeX\tex/generic/pgf/basiclayer\pgfcorelayers.code.tex
File: pgfcorelayers.code.tex 2026-08-01 v3.1.12 (3.1.12)
)
(X:\MiKTeX\tex/generic/pgf/basiclayer\pgfcoretransparency.code.tex
File: pgfcoretransparency.code.tex 2026-08-01 v3.1.12 (3.1.12)
)
(X:\MiKTeX\tex/generic/pgf/basiclayer\pgfcorepatterns.code.tex
File: pgfcorepatterns.code.tex 2026-08-01 v3.1.12 (3.1.12)
)
(X:\MiKTeX\tex/generic/pgf/basiclayer\pgfcorerdf.code.tex
File: pgfcorerdf.code.tex 2026-08-01 v3.1.12 (3.1.12)
)))
(X:\MiKTeX\tex/generic/pgf/modules\pgfmoduleshapes.code.tex
File: pgfmoduleshapes.code.tex 2026-08-01 v3.1.12 (3.1.12)
\pgfnodeparttextbox=\box83
)
(X:\MiKTeX\tex/generic/pgf/modules\pgfmoduleplot.code.tex
File: pgfmoduleplot.code.tex 2026-08-01 v3.1.12 (3.1.12)
)
(X:\MiKTeX\tex/latex/pgf/compatibility\pgfcomp-version-0-65.sty
Package: pgfcomp-version-0-65 2026-08-01 v3.1.12 (3.1.12)
\pgf@nodesepstart=\dimen351
\pgf@nodesepend=\dimen352
)
(X:\MiKTeX\tex/latex/pgf/compatibility\pgfcomp-version-1-18.sty
Package: pgfcomp-version-1-18 2026-08-01 v3.1.12 (3.1.12)
))
(X:\MiKTeX\tex/latex/pgf/utilities\pgffor.sty
(X:\MiKTeX\tex/latex/pgf/utilities\pgfkeys.sty
(X:\MiKTeX\tex/generic/pgf/utilities\pgfkeys.code.tex))
(X:\MiKTeX\tex/latex/pgf/math\pgfmath.sty
(X:\MiKTeX\tex/generic/pgf/math\pgfmath.code.tex))
(X:\MiKTeX\tex/generic/pgf/utilities\pgffor.code.tex
Package: pgffor 2026-08-01 v3.1.12 (3.1.12)
\pgffor@iter=\dimen353
\pgffor@skip=\dimen354
\pgffor@stack=\toks42
\pgffor@toks=\toks43
))
(X:\MiKTeX\tex/generic/pgf/frontendlayer/tikz\tikz.code.tex
Package: tikz 2026-08-01 v3.1.12 (3.1.12)

(X:\MiKTeX\tex/generic/pgf/libraries\pgflibraryplothandlers.code.tex
File: pgflibraryplothandlers.code.tex 2026-08-01 v3.1.12 (3.1.12)
\pgf@plot@mark@count=\count410
\pgfplotmarksize=\dimen355
)
\tikz@lastx=\dimen356
\tikz@lasty=\dimen357
\tikz@lastxsaved=\dimen358
\tikz@lastysaved=\dimen359
\tikz@lastmovetox=\dimen360
\tikz@lastmovetoy=\dimen361
\tikzleveldistance=\dimen362
\tikzsiblingdistance=\dimen363
\tikz@figbox=\box84
\tikz@figbox@bg=\box85
\tikz@tempbox=\box86
\tikz@tempbox@bg=\box87
\tikztreelevel=\count411
\tikznumberofchildren=\count412
\tikznumberofcurrentchild=\count413
\tikz@fig@count=\count414

(X:\MiKTeX\tex/generic/pgf/modules\pgfmodulematrix.code.tex
File: pgfmodulematrix.code.tex 2026-08-01 v3.1.12 (3.1.12)
\pgfmatrixcurrentrow=\count415
\pgfmatrixcurrentcolumn=\count416
\pgf@matrix@numberofcolumns=\count417
)
\tikz@expandcount=\count418

(X:\MiKTeX\tex/generic/pgf/frontendlayer/tikz/libraries\tikzlibrarytopaths.code
.tex
File: tikzlibrarytopaths.code.tex 2026-08-01 v3.1.12 (3.1.12)
))) (X:\MiKTeX\tex/latex/mdframed\md-frame-1.mdf
File: md-frame-1.mdf 2013/07/01\ 1.9b: md-frame-1
)
\mdf@frametitlebox=\box88
\mdf@footnotebox=\box89
\mdf@splitbox@one=\box90
\mdf@splitbox@two=\box91
\mdf@splitbox@save=\box92
\mdfsplitboxwidth=\skip154
\mdfsplitboxtotalwidth=\skip155
\mdfsplitboxheight=\skip156
\mdfsplitboxdepth=\skip157
\mdfsplitboxtotalheight=\skip158
\mdfframetitleboxwidth=\skip159
\mdfframetitleboxtotalwidth=\skip160
\mdfframetitleboxheight=\skip161
\mdfframetitleboxdepth=\skip162
\mdfframetitleboxtotalheight=\skip163
\mdffootnoteboxwidth=\skip164
\mdffootnoteboxtotalwidth=\skip165
\mdffootnoteboxheight=\skip166
\mdffootnoteboxdepth=\skip167
\mdffootnoteboxtotalheight=\skip168
\mdftotallinewidth=\skip169
\mdfboundingboxwidth=\skip170
\mdfboundingboxtotalwidth=\skip171
\mdfboundingboxheight=\skip172
\mdfboundingboxdepth=\skip173
\mdfboundingboxtotalheight=\skip174
\mdf@freevspace@length=\skip175
\mdf@horizontalwidthofbox@length=\skip176
\mdf@verticalmarginwhole@length=\skip177
\mdf@horizontalspaceofbox=\skip178
\mdfsubtitleheight=\skip179
\mdfsubsubtitleheight=\skip180
\c@mdfcountframes=\count419

****** mdframed patching \endmdf@trivlist

****** -- success******

\mdf@envdepth=\count420
\c@mdf@env@i=\count421
\c@mdf@env@ii=\count422
\c@mdf@zref@counter=\count423
Package zref Info: New property: mdf@pagevalue on input line 895.
)
(X:\MiKTeX\tex/latex/subfig\subfig.sty
Package: subfig 2005/06/28 ver: 1.3 subfig package
\c@KVtest=\count424
\sf@farskip=\skip181
\sf@captopadj=\dimen364
\sf@capskip=\skip182
\sf@nearskip=\skip183
\c@subfigure=\count425
\c@subfigure@save=\count426
\c@subtable=\count427
\c@subtable@save=\count428
\sf@top=\skip184
\sf@bottom=\skip185
)
(X:\MiKTeX\tex/latex/siunitx\siunitx.sty
Package: siunitx 2026-09-08 v3.5.12 A comprehensive (SI) units package
\l__siunitx_number_uncert_offset_int=\count429
\l__siunitx_number_exponent_fixed_int=\count430
\l__siunitx_number_min_decimal_int=\count431
\l__siunitx_number_min_integer_int=\count432
\l__siunitx_number_round_precision_int=\count433
\l__siunitx_number_lower_threshold_int=\count434
\l__siunitx_number_upper_threshold_int=\count435
\l__siunitx_number_group_first_int=\count436
\l__siunitx_number_group_size_int=\count437
\l__siunitx_number_group_min_int=\count438
\l__siunitx_number_group_minimum_int=\count439
\l__siunitx_compound_count_int=\count440

(X:\MiKTeX\tex/latex/translations\translations.sty
Package: translations 2022/02/05 v1.12 internationalization of LaTeX2e packages
 (CN)
)
\l__siunitx_table_tmp_box=\box93
\l__siunitx_table_tmp_dim=\dimen365
\l__siunitx_table_column_width_dim=\dimen366
\l__siunitx_table_integer_box=\box94
\l__siunitx_table_decimal_box=\box95
\l__siunitx_table_uncert_box=\box96
\l__siunitx_table_before_box=\box97
\l__siunitx_table_after_box=\box98
\l__siunitx_table_before_dim=\dimen367
\l__siunitx_table_carry_dim=\dimen368
\l__siunitx_unit_tmp_int=\count441
\l__siunitx_unit_position_int=\count442
\l__siunitx_unit_total_int=\count443
\l__siunitx_sexagesimal_tmp_dim=\dimen369
\l__siunitx_sexagesimal_marker_box=\box99
\l__siunitx_sexagesimal_unit_box=\box100
)
(X:\MiKTeX\tex/latex/colortbl\colortbl.sty
Package: colortbl 2026/05/01 v1.0l Color table columns (DPC)

new hooks used!!
\minrowclearance=\skip186
\rownum=\count444
) (X:\MiKTeX\tex/latex/algorithmicx\algpseudocode.sty
Package: algpseudocode 

(X:\MiKTeX\tex/latex/algorithmicx\algorithmicx.sty
Package: algorithmicx 2005/04/27 v1.2 Algorithmicx

Document Style algorithmicx 1.2 - a greatly improved `algorithmic' style
\c@ALG@line=\count445
\c@ALG@rem=\count446
\c@ALG@nested=\count447
\ALG@tlm=\skip187
\ALG@thistlm=\skip188
\c@ALG@Lnr=\count448
\c@ALG@blocknr=\count449
\c@ALG@storecount=\count450
\c@ALG@tmpcounter=\count451
\ALG@tmplength=\skip189
)
Document Style - pseudocode environments for use with the `algorithmicx' style
) (X:\MiKTeX\tex/latex/algorithms\algorithm.sty
Invalid UTF-8 byte or sequence at line 11 replaced by U+FFFD.
Package: algorithm 2009/08/24 v0.1 Document Style `algorithm' - floating enviro
nment

(X:\MiKTeX\tex/latex/float\float.sty
Package: float 2001/11/08 v1.3d Float enhancements (AL)
\c@float@type=\count452
\float@exts=\toks44
\float@box=\box101
\@float@everytoks=\toks45
\@floatcapt=\box102
)
\@float@every@algorithm=\toks46
\c@algorithm=\count453
)
Package translations Info: No language package found. I am going to use `englis
h' as default language. on input line 39.
 (main.aux)
\openout1 = `main.aux'.

LaTeX Font Info:    Checking defaults for OML/cmm/m/it on input line 39.
LaTeX Font Info:    ... okay on input line 39.
LaTeX Font Info:    Checking defaults for OMS/cmsy/m/n on input line 39.
LaTeX Font Info:    ... okay on input line 39.
LaTeX Font Info:    Checking defaults for OT1/cmr/m/n on input line 39.
LaTeX Font Info:    ... okay on input line 39.
LaTeX Font Info:    Checking defaults for T1/cmr/m/n on input line 39.
LaTeX Font Info:    ... okay on input line 39.
LaTeX Font Info:    Checking defaults for TS1/cmr/m/n on input line 39.
LaTeX Font Info:    ... okay on input line 39.
LaTeX Font Info:    Checking defaults for TU/lmr/m/n on input line 39.
LaTeX Font Info:    ... okay on input line 39.
LaTeX Font Info:    Checking defaults for OMX/cmex/m/n on input line 39.
LaTeX Font Info:    ... okay on input line 39.
LaTeX Font Info:    Checking defaults for U/cmr/m/n on input line 39.
LaTeX Font Info:    ... okay on input line 39.
LaTeX Font Info:    Checking defaults for PD1/pdf/m/n on input line 39.
LaTeX Font Info:    ... okay on input line 39.
LaTeX Font Info:    Checking defaults for PU/pdf/m/n on input line 39.
LaTeX Font Info:    ... okay on input line 39.

Package fontspec Info: 
(fontspec)             Adjusting the maths setup (use [no-math] to avoid
(fontspec)             this).

\symlegacymaths=\mathgroup9
LaTeX Font Info:    Overwriting symbol font `legacymaths' in version `bold'
(Font)                  OT1/cmr/m/n --> OT1/cmr/bx/n on input line 39.
LaTeX Font Info:    Redeclaring math accent \acute on input line 39.
LaTeX Font Info:    Redeclaring math accent \grave on input line 39.
LaTeX Font Info:    Redeclaring math accent \ddot on input line 39.
LaTeX Font Info:    Redeclaring math accent \tilde on input line 39.
LaTeX Font Info:    Redeclaring math accent \bar on input line 39.
LaTeX Font Info:    Redeclaring math accent \breve on input line 39.
LaTeX Font Info:    Redeclaring math accent \check on input line 39.
LaTeX Font Info:    Redeclaring math accent \hat on input line 39.
LaTeX Font Info:    Redeclaring math accent \dot on input line 39.
LaTeX Font Info:    Redeclaring math accent \mathring on input line 39.
LaTeX Font Info:    Redeclaring math symbol \Gamma on input line 39.
LaTeX Font Info:    Redeclaring math symbol \Delta on input line 39.
LaTeX Font Info:    Redeclaring math symbol \Theta on input line 39.
LaTeX Font Info:    Redeclaring math symbol \Lambda on input line 39.
LaTeX Font Info:    Redeclaring math symbol \Xi on input line 39.
LaTeX Font Info:    Redeclaring math symbol \Pi on input line 39.
LaTeX Font Info:    Redeclaring math symbol \Sigma on input line 39.
LaTeX Font Info:    Redeclaring math symbol \Upsilon on input line 39.
LaTeX Font Info:    Redeclaring math symbol \Phi on input line 39.
LaTeX Font Info:    Redeclaring math symbol \Psi on input line 39.
LaTeX Font Info:    Redeclaring math symbol \Omega on input line 39.
LaTeX Font Info:    Redeclaring math symbol \mathdollar on input line 39.
LaTeX Font Info:    Redeclaring symbol font `operators' on input line 39.
LaTeX Font Info:    Encoding `OT1' has changed to `TU' for symbol font
(Font)              `operators' in the math version `normal' on input line 39.
LaTeX Font Info:    Overwriting symbol font `operators' in version `normal'
(Font)                  OT1/cmr/m/n --> TU/TimesNewRoman(0)/m/n on input line 3
9.
LaTeX Font Info:    Encoding `OT1' has changed to `TU' for symbol font
(Font)              `operators' in the math version `bold' on input line 39.
LaTeX Font Info:    Overwriting symbol font `operators' in version `bold'
(Font)                  OT1/cmr/bx/n --> TU/TimesNewRoman(0)/m/n on input line 
39.
LaTeX Font Info:    Overwriting symbol font `operators' in version `normal'
(Font)                  TU/TimesNewRoman(0)/m/n --> TU/TimesNewRoman(0)/m/n on 
input line 39.
LaTeX Font Info:    Overwriting math alphabet `\mathit' in version `normal'
(Font)                  OT1/cmr/m/it --> TU/TimesNewRoman(0)/m/it on input line
 39.
LaTeX Font Info:    Overwriting math alphabet `\mathbf' in version `normal'
(Font)                  OT1/cmr/bx/n --> TU/TimesNewRoman(0)/b/n on input line 
39.
LaTeX Font Info:    Overwriting math alphabet `\mathsf' in version `normal'
(Font)                  OT1/cmss/m/n --> TU/Arial(0)/m/n on input line 39.
LaTeX Font Info:    Overwriting math alphabet `\mathtt' in version `normal'
(Font)                  OT1/cmtt/m/n --> TU/CourierNew(0)/m/n on input line 39.

LaTeX Font Info:    Overwriting symbol font `operators' in version `bold'
(Font)                  TU/TimesNewRoman(0)/m/n --> TU/TimesNewRoman(0)/b/n on 
input line 39.
LaTeX Font Info:    Overwriting math alphabet `\mathit' in version `bold'
(Font)                  OT1/cmr/bx/it --> TU/TimesNewRoman(0)/b/it on input lin
e 39.
LaTeX Font Info:    Overwriting math alphabet `\mathsf' in version `bold'
(Font)                  OT1/cmss/bx/n --> TU/Arial(0)/b/n on input line 39.
LaTeX Font Info:    Overwriting math alphabet `\mathtt' in version `bold'
(Font)                  OT1/cmtt/m/n --> TU/CourierNew(0)/b/n on input line 39.


*geometry* driver: auto-detecting
*geometry* detected driver: xetex
*geometry* verbose mode - [ preamble ] result:
* driver: xetex
* paper: <default>
* layout: <same size as paper>
* layoutoffset:(h,v)=(0.0pt,0.0pt)
* modes: 
* h-part:(L,W,R)=(64.01869pt, 469.47049pt, 64.01869pt)
* v-part:(T,H,B)=(85.35826pt, 688.5567pt, 71.13188pt)
* \paperwidth=597.50787pt
* \paperheight=845.04684pt
* \textwidth=469.47049pt
* \textheight=688.5567pt
* \oddsidemargin=-8.2513pt
* \evensidemargin=-8.2513pt
* \topmargin=-21.67392pt
* \headheight=12.0pt
* \headsep=22.76219pt
* \topskip=12.0pt
* \footskip=30.0pt
* \marginparwidth=35.0pt
* \marginparsep=10.0pt
* \columnsep=10.0pt
* \skip\footins=10.8pt plus 4.0pt minus 2.0pt
* \hoffset=0.0pt
* \voffset=0.0pt
* \mag=1000
* \@twocolumnfalse
* \@twosidefalse
* \@mparswitchfalse
* \@reversemarginfalse
* (1in=72.27pt=25.4mm, 1cm=28.453pt)

\c@lstlisting=\count454
Package caption Info: Begin \AtBeginDocument code.
Package caption Info: subfig package v1.3 is loaded.
Package caption Info: float package is loaded.
Package caption Info: hyperref package is loaded.
Package caption Info: End \AtBeginDocument code.
Package hyperref Info: Link coloring OFF on input line 39.
(main.out) (main.out)
\@outlinefile=\write5
\openout5 = `main.out'.


(X:\MiKTeX\tex/latex/translations/dicts\translations-basic-dictionary-english.t
rsl
File: translations-basic-dictionary-english.trsl (english translation file `tra
nslations-basic-dictionary')
)
Package translations Info: loading dictionary `translations-basic-dictionary' f
or `english'. on input line 39.
File: figures/logo.pdf Graphic file (type pdf)
<use figures/logo.pdf>
File: figures/title.pdf Graphic file (type pdf)
<use figures/title.pdf>
 (X:\MiKTeX\tex/latex/amsfonts\umsa.fd)
(X:\MiKTeX\tex/latex/amsfonts\umsb.fd) [1


]
File: figures/title.pdf Graphic file (type pdf)
<use figures/title.pdf>

Package fontspec Info: 
(fontspec)             Script 'CJK' not explicitly supported within font
(fontspec)             'LiSu'. Check the typeset output, and if it is okay
(fontspec)             then ignore this warning. Otherwise a different font
(fontspec)             should be chosen.


Package fontspec Info: 
(fontspec)             Could not resolve font "LiSu/BI" (it probably doesn't
(fontspec)             exist).


Package fontspec Info: 
(fontspec)             Could not resolve font "LiSu/B" (it probably doesn't
(fontspec)             exist).


Package fontspec Info: 
(fontspec)             Could not resolve font "LiSu/I" (it probably doesn't
(fontspec)             exist).


Package fontspec Info: 
(fontspec)             Font family 'LiSu(0)' created for font 'LiSu' with
(fontspec)             options [Script={CJK}].
(fontspec)              
(fontspec)              This font family consists of the following NFSS
(fontspec)             series/shapes:
(fontspec)              
(fontspec)             - 'normal' (m/n) with NFSS spec.:
(fontspec)             <->"LiSu/OT:script=hani;language=dflt;"


Package fontspec Info: 
(fontspec)             Could not resolve font "SimHei/I" (it probably doesn't
(fontspec)             exist).


Package fontspec Info: 
(fontspec)             Could not resolve font "SimHei/BI" (it probably doesn't
(fontspec)             exist).


Package fontspec Info: 
(fontspec)             Could not resolve font "SimHei/I" (it probably doesn't
(fontspec)             exist).


Package fontspec Info: 
(fontspec)             Font family 'SimHei(0)' created for font 'SimHei' with
(fontspec)             options [Script={CJK},AutoFakeBold={2.15}].
(fontspec)              
(fontspec)              This font family consists of the following NFSS
(fontspec)             series/shapes:
(fontspec)              
(fontspec)             - 'normal' (m/n) with NFSS spec.:
(fontspec)             <->"SimHei/OT:script=hani;language=dflt;"
(fontspec)             - 'bold' (b/n) with NFSS spec.:
(fontspec)             <->"SimHei/OT:script=hani;language=dflt;embolden=2.15;"

 (sections/abstract.tex [1

] [2]
[3])
No file main.toc.
\tf@toc=\write6
\openout6 = `main.toc'.

[4] (sections/sec1_intro.tex

Package hyperref Warning: Token not allowed in a PDF string (Unicode):
(hyperref)                \kern 0.60228pt
(hyperref)                removed on input line 3.


Package hyperref Warning: Token not allowed in a PDF string (Unicode):
(hyperref)                \kern 0.60228pt
(hyperref)                removed on input line 3.


Package hyperref Warning: Token not allowed in a PDF string (Unicode):
(hyperref)                \kern 0.60228pt
(hyperref)                removed on input line 13.


Package hyperref Warning: Token not allowed in a PDF string (Unicode):
(hyperref)                \kern 0.60228pt
(hyperref)                removed on input line 13.


Package hyperref Warning: Token not allowed in a PDF string (Unicode):
(hyperref)                \kern 0.60228pt
(hyperref)                removed on input line 16.


Package hyperref Warning: Token not allowed in a PDF string (Unicode):
(hyperref)                \kern 0.60228pt
(hyperref)                removed on input line 16.


Package hyperref Warning: Token not allowed in a PDF string (Unicode):
(hyperref)                \kern 0.60228pt
(hyperref)                removed on input line 16.


Package hyperref Warning: Token not allowed in a PDF string (Unicode):
(hyperref)                \kern 0.60228pt
(hyperref)                removed on input line 16.

[5

]

Package hyperref Warning: Token not allowed in a PDF string (Unicode):
(hyperref)                \kern 0.60228pt
(hyperref)                removed on input line 21.


Package hyperref Warning: Token not allowed in a PDF string (Unicode):
(hyperref)                \kern 0.60228pt
(hyperref)                removed on input line 21.


Package hyperref Warning: Token not allowed in a PDF string (Unicode):
(hyperref)                \kern 0.60228pt
(hyperref)                removed on input line 21.


Package hyperref Warning: Token not allowed in a PDF string (Unicode):
(hyperref)                \kern 0.60228pt
(hyperref)                removed on input line 21.


Package hyperref Warning: Token not allowed in a PDF string (Unicode):
(hyperref)                \kern 0.60228pt
(hyperref)                removed on input line 26.


Package hyperref Warning: Token not allowed in a PDF string (Unicode):
(hyperref)                \kern 0.60228pt
(hyperref)                removed on input line 26.


Package hyperref Warning: Token not allowed in a PDF string (Unicode):
(hyperref)                \kern 0.60228pt
(hyperref)                removed on input line 26.


Package hyperref Warning: Token not allowed in a PDF string (Unicode):
(hyperref)                \kern 0.60228pt
(hyperref)                removed on input line 26.

[6]

Package hyperref Warning: Token not allowed in a PDF string (Unicode):
(hyperref)                \kern 0.60228pt
(hyperref)                removed on input line 39.


Package hyperref Warning: Token not allowed in a PDF string (Unicode):
(hyperref)                \kern 0.60228pt
(hyperref)                removed on input line 39.


Package hyperref Warning: Token not allowed in a PDF string (Unicode):
(hyperref)                \kern 0.60228pt
(hyperref)                removed on input line 42.


Package hyperref Warning: Token not allowed in a PDF string (Unicode):
(hyperref)                \kern 0.60228pt
(hyperref)                removed on input line 42.


Package hyperref Warning: Token not allowed in a PDF string (Unicode):
(hyperref)                \kern 0.60228pt
(hyperref)                removed on input line 42.


Package hyperref Warning: Token not allowed in a PDF string (Unicode):
(hyperref)                \kern 0.60228pt
(hyperref)                removed on input line 42.


Package hyperref Warning: Token not allowed in a PDF string (Unicode):
(hyperref)                \kern 0.60228pt
(hyperref)                removed on input line 46.


Package hyperref Warning: Token not allowed in a PDF string (Unicode):
(hyperref)                \kern 0.60228pt
(hyperref)                removed on input line 46.


Package hyperref Warning: Token not allowed in a PDF string (Unicode):
(hyperref)                \kern 0.60228pt
(hyperref)                removed on input line 46.


Package hyperref Warning: Token not allowed in a PDF string (Unicode):
(hyperref)                \kern 0.60228pt
(hyperref)                removed on input line 46.


Package hyperref Warning: Token not allowed in a PDF string (Unicode):
(hyperref)                \kern 0.60228pt
(hyperref)                removed on input line 56.


Package hyperref Warning: Token not allowed in a PDF string (Unicode):
(hyperref)                \kern 0.60228pt
(hyperref)                removed on input line 56.


Package hyperref Warning: Token not allowed in a PDF string (Unicode):
(hyperref)                \kern 0.60228pt
(hyperref)                removed on input line 56.


Package hyperref Warning: Token not allowed in a PDF string (Unicode):
(hyperref)                \kern 0.60228pt
(hyperref)                removed on input line 56.

[7]

Package hyperref Warning: Token not allowed in a PDF string (Unicode):
(hyperref)                \kern 0.60228pt
(hyperref)                removed on input line 65.


Package hyperref Warning: Token not allowed in a PDF string (Unicode):
(hyperref)                \kern 0.60228pt
(hyperref)                removed on input line 65.


Package fontspec Info: 
(fontspec)             Could not resolve font "SimSun/I" (it probably doesn't
(fontspec)             exist).


Package fontspec Info: 
(fontspec)             Could not resolve font "SimSun/BI" (it probably doesn't
(fontspec)             exist).


Package fontspec Info: 
(fontspec)             Could not resolve font "SimSun/I" (it probably doesn't
(fontspec)             exist).


Package fontspec Info: 
(fontspec)             Font family 'SimSun(2)' created for font 'SimSun' with
(fontspec)             options [Script={CJK},AutoFakeBold={2.15}].
(fontspec)              
(fontspec)              This font family consists of the following NFSS
(fontspec)             series/shapes:
(fontspec)              
(fontspec)             - 'normal' (m/n) with NFSS spec.:
(fontspec)             <->"SimSun/OT:script=hani;language=dflt;"
(fontspec)             - 'bold' (b/n) with NFSS spec.:
(fontspec)             <->"SimSun/OT:script=hani;language=dflt;embolden=2.15;"


Underfull \hbox (badness 1377) in paragraph at lines 84--84
[]|\TU/SimSun(1)/b/n/10.53937 核 心 技 术 机 理 与 创 新
 []


Underfull \hbox (badness 1377) in paragraph at lines 84--84
[]|\TU/SimSun(1)/m/n/10.53937 将 多 模 态 时 序 向 量 直
 []


Underfull \hbox (badness 1377) in paragraph at lines 84--84
\TU/SimSun(1)/m/n/10.53937 接 按 特 征 维 度 拼 接 后
 []


Underfull \hbox (badness 1377) in paragraph at lines 84--84
\TU/SimSun(1)/m/n/10.53937 受 高 维 噪 声 与 维 度 不
 []


Underfull \hbox (badness 1377) in paragraph at lines 84--84
[]|\TU/SimSun(1)/m/n/10.53937 各 模 态 独 立 训 练 分 类
 []


Underfull \hbox (badness 1377) in paragraph at lines 84--84
[]|\TU/SimSun(1)/m/n/10.53937 彻 底 割 裂 了 模 态 间 的
 []


Underfull \hbox (badness 1377) in paragraph at lines 84--84
\TU/SimSun(1)/m/n/10.53937 底 层 交 叉 语 义 互 补 与
 []


Underfull \hbox (badness 1377) in paragraph at lines 84--84
[]|\TU/SimSun(1)/m/n/10.53937 构 建 三 模 态 三 维 外 积
 []


Underfull \hbox (badness 1377) in paragraph at lines 84--84
[]|\TU/SimSun(1)/m/n/10.53937 参 数 量 呈 维 度 立 方 爆
 []


Underfull \hbox (badness 1377) in paragraph at lines 84--84
[]|\TU/SimSun(1)/m/n/10.53937 提 出 双 向 跨 模 态 缩 放
 []


Underfull \hbox (badness 1377) in paragraph at lines 84--84
\TU/SimSun(1)/m/n/10.53937 时 序 交 叉 注 意 力 实 现
 []


Underfull \hbox (badness 1377) in paragraph at lines 84--84
[]|\TU/SimSun(1)/m/n/10.53937 计 算 复 杂 度 为 时 序 长
 []


Underfull \hbox (badness 1377) in paragraph at lines 84--84
\TU/SimSun(1)/m/n/10.53937 缺 失 时 注 意 力 分 布 全
 []


Underfull \hbox (badness 1377) in paragraph at lines 84--84
[]|\TU/SimSun(1)/m/n/10.53937 引 入 正 交 约 束 与 相 似
 []


Underfull \hbox (badness 1377) in paragraph at lines 84--84
\TU/SimSun(1)/m/n/10.53937 模 态 共 享 子 空 间 与 私
 []


Underfull \hbox (badness 1377) in paragraph at lines 84--84
\TU/SimSun(1)/m/n/10.53937 无 法 应 对 动 态 随 机 丢
 []


Underfull \hbox (badness 1377) in paragraph at lines 84--84
[]|\TU/SimSun(1)/m/n/10.53937 层 次 化 以 文 本 为 骨 干
 []


Underfull \hbox (badness 1377) in paragraph at lines 84--84
\TU/SimSun(1)/m/n/10.53937 引 导 音 视 频 渐 进 细 化
 []


Underfull \hbox (badness 3907) in paragraph at lines 84--84
\TU/SimSun(1)/m/n/10.53937 融 合，|  达 学 界 \TU/TimesNewRoman(0)/m/n/10.53937 SOTA
 []


Underfull \hbox (badness 1377) in paragraph at lines 84--84
[]|\TU/SimSun(1)/m/n/10.53937 依 赖 纯 连 续 超 平 面 判
 []


Underfull \hbox (badness 10000) in paragraph at lines 84--84
[]|\TU/SimSun(1)/b/n/10.53937 在 独 立 测 试 集 突 破
 []

[8]

Package hyperref Warning: Token not allowed in a PDF string (Unicode):
(hyperref)                \kern 0.60228pt
(hyperref)                removed on input line 87.


Package hyperref Warning: Token not allowed in a PDF string (Unicode):
(hyperref)                \kern 0.60228pt
(hyperref)                removed on input line 87.

File: figures/fig11_acc3_evolution_roadmap.png Graphic file (type bmp)
<figures/fig11_acc3_evolution_roadmap.png>
) [9] (sections/sec2_eda_symbols.tex

Package hyperref Warning: Token not allowed in a PDF string (Unicode):
(hyperref)                \kern 0.60228pt
(hyperref)                removed on input line 3.


Package hyperref Warning: Token not allowed in a PDF string (Unicode):
(hyperref)                \kern 0.60228pt
(hyperref)                removed on input line 3.


Package hyperref Warning: Token not allowed in a PDF string (Unicode):
(hyperref)                \kern 0.60228pt
(hyperref)                removed on input line 18.


Package hyperref Warning: Token not allowed in a PDF string (Unicode):
(hyperref)                \kern 0.60228pt
(hyperref)                removed on input line 18.


Underfull \hbox (badness 10000) in paragraph at lines 33--33
[]|\TU/SimSun(1)/b/n/10.53937 中 位 数
 []

[10

]

Package hyperref Warning: Token not allowed in a PDF string (Unicode):
(hyperref)                \kern 0.60228pt
(hyperref)                removed on input line 42.


Package hyperref Warning: Token not allowed in a PDF string (Unicode):
(hyperref)                \kern 0.60228pt
(hyperref)                removed on input line 42.


Package hyperref Warning: Token not allowed in a PDF string (Unicode):
(hyperref)                \kern 0.60228pt
(hyperref)                removed on input line 45.


Package hyperref Warning: Token not allowed in a PDF string (Unicode):
(hyperref)                \kern 0.60228pt
(hyperref)                removed on input line 45.


Package hyperref Warning: Token not allowed in a PDF string (Unicode):
(hyperref)                \kern 0.60228pt
(hyperref)                removed on input line 45.


Package hyperref Warning: Token not allowed in a PDF string (Unicode):
(hyperref)                \kern 0.60228pt
(hyperref)                removed on input line 45.

File: figures/fig9_validation_regression_residuals.png Graphic file (type bmp)
<figures/fig9_validation_regression_residuals.png>

Package hyperref Warning: Token not allowed in a PDF string (Unicode):
(hyperref)                \kern 0.60228pt
(hyperref)                removed on input line 60.


Package hyperref Warning: Token not allowed in a PDF string (Unicode):
(hyperref)                \kern 0.60228pt
(hyperref)                removed on input line 60.


Package hyperref Warning: Token not allowed in a PDF string (Unicode):
(hyperref)                \kern 0.60228pt
(hyperref)                removed on input line 60.


Package hyperref Warning: Token not allowed in a PDF string (Unicode):
(hyperref)                \kern 0.60228pt
(hyperref)                removed on input line 60.


Overfull \hbox (12.83388pt too wide) in alignment at lines 76--76
[][][][][] 
 []

[11]

Package hyperref Warning: Token not allowed in a PDF string (Unicode):
(hyperref)                \kern 0.60228pt
(hyperref)                removed on input line 85.


Package hyperref Warning: Token not allowed in a PDF string (Unicode):
(hyperref)                \kern 0.60228pt
(hyperref)                removed on input line 85.

[12]

Package hyperref Warning: Token not allowed in a PDF string (Unicode):
(hyperref)                \kern 0.60228pt
(hyperref)                removed on input line 98.


Package hyperref Warning: Token not allowed in a PDF string (Unicode):
(hyperref)                \kern 0.60228pt
(hyperref)                removed on input line 98.

[13]

Package hyperref Warning: Token not allowed in a PDF string (Unicode):
(hyperref)                \kern 0.60228pt
(hyperref)                removed on input line 124.


Package hyperref Warning: Token not allowed in a PDF string (Unicode):
(hyperref)                \kern 0.60228pt
(hyperref)                removed on input line 124.

) [14] (sections/sec3_problem1.tex

Package hyperref Warning: Token not allowed in a PDF string (Unicode):
(hyperref)                \kern 0.60228pt
(hyperref)                removed on input line 3.


Package hyperref Warning: Token not allowed in a PDF string (Unicode):
(hyperref)                \kern 0.60228pt
(hyperref)                removed on input line 3.


Package hyperref Warning: Token not allowed in a PDF string (Unicode):
(hyperref)                \kern 0.60228pt
(hyperref)                removed on input line 22.


Package hyperref Warning: Token not allowed in a PDF string (Unicode):
(hyperref)                \kern 0.60228pt
(hyperref)                removed on input line 22.


Package hyperref Warning: Token not allowed in a PDF string (Unicode):
(hyperref)                \kern 0.60228pt
(hyperref)                removed on input line 25.


Package hyperref Warning: Token not allowed in a PDF string (Unicode):
(hyperref)                \kern 0.60228pt
(hyperref)                removed on input line 25.


Package hyperref Warning: Token not allowed in a PDF string (Unicode):
(hyperref)                \kern 0.60228pt
(hyperref)                removed on input line 25.


Package hyperref Warning: Token not allowed in a PDF string (Unicode):
(hyperref)                \kern 0.60228pt
(hyperref)                removed on input line 25.


Overfull \hbox (17.2789pt too wide) in paragraph at lines 26--27
[]\TU/SimSun(2)/m/n/12.045 设 参 考 时 钟 序 列 为 $[] \OT1/cmr/m/n/12.045 = [\OML/cmm/
m/it/12.045 a[]; a[]; [] ; a[]\OT1/cmr/m/n/12.045 ] \OMS/cmsy/m/n/12.045 2 \U/m
sb/m/n/12.045 R[]$\TU/SimSun(2)/m/n/12.045 ，|  待 规 整 的 目 标 序 列 为 $[] \OT1/cmr/m
/n/12.045 = [\OML/cmm/m/it/12.045 b[]; b[]; [] ; b[]\OT1/cmr/m/n/12.045 ] \OMS/
cmsy/m/n/12.045 2
 []


Package hyperref Warning: Token not allowed in a PDF string (Unicode):
(hyperref)                \kern 0.60228pt
(hyperref)                removed on input line 32.


Package hyperref Warning: Token not allowed in a PDF string (Unicode):
(hyperref)                \kern 0.60228pt
(hyperref)                removed on input line 32.


Package hyperref Warning: Token not allowed in a PDF string (Unicode):
(hyperref)                \kern 0.60228pt
(hyperref)                removed on input line 32.


Package hyperref Warning: Token not allowed in a PDF string (Unicode):
(hyperref)                \kern 0.60228pt
(hyperref)                removed on input line 32.

[15

]

Package hyperref Warning: Token not allowed in a PDF string (Unicode):
(hyperref)                \kern 0.60228pt
(hyperref)                removed on input line 55.


Package hyperref Warning: Token not allowed in a PDF string (Unicode):
(hyperref)                \kern 0.60228pt
(hyperref)                removed on input line 55.


Package hyperref Warning: Token not allowed in a PDF string (Unicode):
(hyperref)                \kern 0.60228pt
(hyperref)                removed on input line 55.


Package hyperref Warning: Token not allowed in a PDF string (Unicode):
(hyperref)                \kern 0.60228pt
(hyperref)                removed on input line 55.


Package hyperref Warning: Token not allowed in a PDF string (Unicode):
(hyperref)                \kern 0.60228pt
(hyperref)                removed on input line 62.


Package hyperref Warning: Token not allowed in a PDF string (Unicode):
(hyperref)                \kern 0.60228pt
(hyperref)                removed on input line 62.

Package hyperref Info: bookmark level for unknown algorithm defaults to 0 on in
put line 66.
[16]

Package hyperref Warning: Token not allowed in a PDF string (Unicode):
(hyperref)                \kern 0.60228pt
(hyperref)                removed on input line 94.


Package hyperref Warning: Token not allowed in a PDF string (Unicode):
(hyperref)                \kern 0.60228pt
(hyperref)                removed on input line 94.

[17]

Package hyperref Warning: Token not allowed in a PDF string (Unicode):
(hyperref)                \kern 0.60228pt
(hyperref)                removed on input line 115.


Package hyperref Warning: Token not allowed in a PDF string (Unicode):
(hyperref)                \kern 0.60228pt
(hyperref)                removed on input line 115.


Package hyperref Warning: Token not allowed in a PDF string (Unicode):
(hyperref)                \kern 0.60228pt
(hyperref)                removed on input line 118.


Package hyperref Warning: Token not allowed in a PDF string (Unicode):
(hyperref)                \kern 0.60228pt
(hyperref)                removed on input line 118.


Package hyperref Warning: Token not allowed in a PDF string (Unicode):
(hyperref)                \kern 0.60228pt
(hyperref)                removed on input line 118.


Package hyperref Warning: Token not allowed in a PDF string (Unicode):
(hyperref)                \kern 0.60228pt
(hyperref)                removed on input line 118.


Package hyperref Warning: Token not allowed in a PDF string (Unicode):
(hyperref)                \kern 0.60228pt
(hyperref)                removed on input line 140.


Package hyperref Warning: Token not allowed in a PDF string (Unicode):
(hyperref)                \kern 0.60228pt
(hyperref)                removed on input line 140.


Package hyperref Warning: Token not allowed in a PDF string (Unicode):
(hyperref)                \kern 0.60228pt
(hyperref)                removed on input line 140.


Package hyperref Warning: Token not allowed in a PDF string (Unicode):
(hyperref)                \kern 0.60228pt
(hyperref)                removed on input line 140.


Package hyperref Warning: Token not allowed in a PDF string (Unicode):
(hyperref)                \kern 0.60228pt
(hyperref)                removed on input line 143.


Package hyperref Warning: Token not allowed in a PDF string (Unicode):
(hyperref)                \kern 0.60228pt
(hyperref)                removed on input line 143.

[18]) [19] (sections/sec4_problem2.tex

Package hyperref Warning: Token not allowed in a PDF string (Unicode):
(hyperref)                \kern 0.60228pt
(hyperref)                removed on input line 3.


Package hyperref Warning: Token not allowed in a PDF string (Unicode):
(hyperref)                \kern 0.60228pt
(hyperref)                removed on input line 3.


Package hyperref Warning: Token not allowed in a PDF string (Unicode):
(hyperref)                \kern 0.60228pt
(hyperref)                removed on input line 21.


Package hyperref Warning: Token not allowed in a PDF string (Unicode):
(hyperref)                \kern 0.60228pt
(hyperref)                removed on input line 21.


Package hyperref Warning: Token not allowed in a PDF string (Unicode):
(hyperref)                \kern 0.60228pt
(hyperref)                removed on input line 24.


Package hyperref Warning: Token not allowed in a PDF string (Unicode):
(hyperref)                \kern 0.60228pt
(hyperref)                removed on input line 24.


Package hyperref Warning: Token not allowed in a PDF string (Unicode):
(hyperref)                \kern 0.60228pt
(hyperref)                removed on input line 24.


Package hyperref Warning: Token not allowed in a PDF string (Unicode):
(hyperref)                \kern 0.60228pt
(hyperref)                removed on input line 24.

[20

]

Package hyperref Warning: Token not allowed in a PDF string (Unicode):
(hyperref)                \kern 0.60228pt
(hyperref)                removed on input line 34.


Package hyperref Warning: Token not allowed in a PDF string (Unicode):
(hyperref)                \kern 0.60228pt
(hyperref)                removed on input line 34.


Package hyperref Warning: Token not allowed in a PDF string (Unicode):
(hyperref)                \kern 0.60228pt
(hyperref)                removed on input line 34.


Package hyperref Warning: Token not allowed in a PDF string (Unicode):
(hyperref)                \kern 0.60228pt
(hyperref)                removed on input line 34.


Package hyperref Warning: Token not allowed in a PDF string (Unicode):
(hyperref)                \kern 0.60228pt
(hyperref)                removed on input line 46.


Package hyperref Warning: Token not allowed in a PDF string (Unicode):
(hyperref)                \kern 0.60228pt
(hyperref)                removed on input line 46.


Package hyperref Warning: Token not allowed in a PDF string (Unicode):
(hyperref)                \kern 0.60228pt
(hyperref)                removed on input line 46.


Package hyperref Warning: Token not allowed in a PDF string (Unicode):
(hyperref)                \kern 0.60228pt
(hyperref)                removed on input line 46.


Package hyperref Warning: Token not allowed in a PDF string (Unicode):
(hyperref)                \kern 0.60228pt
(hyperref)                removed on input line 67.


Package hyperref Warning: Token not allowed in a PDF string (Unicode):
(hyperref)                \kern 0.60228pt
(hyperref)                removed on input line 67.


Package hyperref Warning: Token not allowed in a PDF string (Unicode):
(hyperref)                \kern 0.60228pt
(hyperref)                removed on input line 67.


Package hyperref Warning: Token not allowed in a PDF string (Unicode):
(hyperref)                \kern 0.60228pt
(hyperref)                removed on input line 67.


Overfull \hbox (9.78783pt too wide) in paragraph at lines 68--69
[]\TU/SimSun(2)/m/n/12.045 传 统 多 模 态 门 控 融 合 多 采 用 单 层 感 知 机 直 接 输 出 各 模 态 权 重：
| $\OML/cmm/m/it/12.045 g \OT1/cmr/m/n/12.045 = []([][[]\OML/cmm/m/it/12.045 ; 
[]; []\OT1/cmr/m/n/12.045 ])$\TU/SimSun(2)/m/n/12.045 。|
 []

[21]
File: figures/fig10_global_modality_gate_distribution.png Graphic file (type bm
p)
<figures/fig10_global_modality_gate_distribution.png>


Package hyperref Warning: Token not allowed in a PDF string (Unicode):
(hyperref)                \kern 0.60228pt
(hyperref)                removed on input line 107.


Package hyperref Warning: Token not allowed in a PDF string (Unicode):
(hyperref)                \kern 0.60228pt
(hyperref)                removed on input line 107.


Package hyperref Warning: Token not allowed in a PDF string (Unicode):
(hyperref)                \kern 0.60228pt
(hyperref)                removed on input line 110.


Package hyperref Warning: Token not allowed in a PDF string (Unicode):
(hyperref)                \kern 0.60228pt
(hyperref)                removed on input line 110.


Package hyperref Warning: Token not allowed in a PDF string (Unicode):
(hyperref)                \kern 0.60228pt
(hyperref)                removed on input line 110.


Package hyperref Warning: Token not allowed in a PDF string (Unicode):
(hyperref)                \kern 0.60228pt
(hyperref)                removed on input line 110.

[22]

Package hyperref Warning: Token not allowed in a PDF string (Unicode):
(hyperref)                \kern 0.60228pt
(hyperref)                removed on input line 123.


Package hyperref Warning: Token not allowed in a PDF string (Unicode):
(hyperref)                \kern 0.60228pt
(hyperref)                removed on input line 123.


Package hyperref Warning: Token not allowed in a PDF string (Unicode):
(hyperref)                \kern 0.60228pt
(hyperref)                removed on input line 123.


Package hyperref Warning: Token not allowed in a PDF string (Unicode):
(hyperref)                \kern 0.60228pt
(hyperref)                removed on input line 123.


Package hyperref Warning: Token not allowed in a PDF string (Unicode):
(hyperref)                \kern 0.60228pt
(hyperref)                removed on input line 130.


Package hyperref Warning: Token not allowed in a PDF string (Unicode):
(hyperref)                \kern 0.60228pt
(hyperref)                removed on input line 130.


Package hyperref Warning: Token not allowed in a PDF string (Unicode):
(hyperref)                \kern 0.60228pt
(hyperref)                removed on input line 130.


Package hyperref Warning: Token not allowed in a PDF string (Unicode):
(hyperref)                \kern 0.60228pt
(hyperref)                removed on input line 130.

[23]

Package hyperref Warning: Token not allowed in a PDF string (Unicode):
(hyperref)                \kern 0.60228pt
(hyperref)                removed on input line 147.


Package hyperref Warning: Token not allowed in a PDF string (Unicode):
(hyperref)                \kern 0.60228pt
(hyperref)                removed on input line 147.


Package hyperref Warning: Token not allowed in a PDF string (Unicode):
(hyperref)                \kern 0.60228pt
(hyperref)                removed on input line 147.


Package hyperref Warning: Token not allowed in a PDF string (Unicode):
(hyperref)                \kern 0.60228pt
(hyperref)                removed on input line 147.


Package hyperref Warning: Token not allowed in a PDF string (Unicode):
(hyperref)                \kern 0.60228pt
(hyperref)                removed on input line 157.


Package hyperref Warning: Token not allowed in a PDF string (Unicode):
(hyperref)                \kern 0.60228pt
(hyperref)                removed on input line 157.


Package hyperref Warning: Token not allowed in a PDF string (Unicode):
(hyperref)                \kern 0.60228pt
(hyperref)                removed on input line 157.


Package hyperref Warning: Token not allowed in a PDF string (Unicode):
(hyperref)                \kern 0.60228pt
(hyperref)                removed on input line 157.


Package hyperref Warning: Token not allowed in a PDF string (Unicode):
(hyperref)                \kern 0.60228pt
(hyperref)                removed on input line 164.


Package hyperref Warning: Token not allowed in a PDF string (Unicode):
(hyperref)                \kern 0.60228pt
(hyperref)                removed on input line 164.

[24]
File: figures/fig8_validation_confusion_matrix.png Graphic file (type bmp)
<figures/fig8_validation_confusion_matrix.png>

Underfull \hbox (badness 10000) in alignment at lines 189--189
[][][][][] 
 []

[25]

Package hyperref Warning: Token not allowed in a PDF string (Unicode):
(hyperref)                \kern 0.60228pt
(hyperref)                removed on input line 199.


Package hyperref Warning: Token not allowed in a PDF string (Unicode):
(hyperref)                \kern 0.60228pt
(hyperref)                removed on input line 199.


Package hyperref Warning: Token not allowed in a PDF string (Unicode):
(hyperref)                \kern 0.60228pt
(hyperref)                removed on input line 202.


Package hyperref Warning: Token not allowed in a PDF string (Unicode):
(hyperref)                \kern 0.60228pt
(hyperref)                removed on input line 202.


Package hyperref Warning: Token not allowed in a PDF string (Unicode):
(hyperref)                \kern 0.60228pt
(hyperref)                removed on input line 202.


Package hyperref Warning: Token not allowed in a PDF string (Unicode):
(hyperref)                \kern 0.60228pt
(hyperref)                removed on input line 202.


Package hyperref Warning: Token not allowed in a PDF string (Unicode):
(hyperref)                \kern 0.60228pt
(hyperref)                removed on input line 215.


Package hyperref Warning: Token not allowed in a PDF string (Unicode):
(hyperref)                \kern 0.60228pt
(hyperref)                removed on input line 215.


Package hyperref Warning: Token not allowed in a PDF string (Unicode):
(hyperref)                \kern 0.60228pt
(hyperref)                removed on input line 215.


Package hyperref Warning: Token not allowed in a PDF string (Unicode):
(hyperref)                \kern 0.60228pt
(hyperref)                removed on input line 215.

[26]

Package hyperref Warning: Token not allowed in a PDF string (Unicode):
(hyperref)                \kern 0.60228pt
(hyperref)                removed on input line 226.


Package hyperref Warning: Token not allowed in a PDF string (Unicode):
(hyperref)                \kern 0.60228pt
(hyperref)                removed on input line 226.


Package hyperref Warning: Token not allowed in a PDF string (Unicode):
(hyperref)                \kern 0.60228pt
(hyperref)                removed on input line 226.


Package hyperref Warning: Token not allowed in a PDF string (Unicode):
(hyperref)                \kern 0.60228pt
(hyperref)                removed on input line 226.


Package hyperref Warning: Token not allowed in a PDF string (Unicode):
(hyperref)                \kern 0.60228pt
(hyperref)                removed on input line 241.


Package hyperref Warning: Token not allowed in a PDF string (Unicode):
(hyperref)                \kern 0.60228pt
(hyperref)                removed on input line 241.

[27]
File: figures/fig11_acc3_evolution_roadmap.png Graphic file (type bmp)
<figures/fig11_acc3_evolution_roadmap.png>

Underfull \hbox (badness 10000) in alignment at lines 302--302
[][][][][][] 
 []


Package hyperref Warning: Token not allowed in a PDF string (Unicode):
(hyperref)                \kern 0.60228pt
(hyperref)                removed on input line 305.


Package hyperref Warning: Token not allowed in a PDF string (Unicode):
(hyperref)                \kern 0.60228pt
(hyperref)                removed on input line 305.

File: figures/fig1_missing_modality_type.png Graphic file (type bmp)
<figures/fig1_missing_modality_type.png>
File: figures/fig2_missing_position.png Graphic file (type bmp)
<figures/fig2_missing_position.png>
File: figures/fig3_missing_duration_decay.png Graphic file (type bmp)
<figures/fig3_missing_duration_decay.png>
[28] [29]

Package hyperref Warning: Token not allowed in a PDF string (Unicode):
(hyperref)                \kern 0.60228pt
(hyperref)                removed on input line 361.


Package hyperref Warning: Token not allowed in a PDF string (Unicode):
(hyperref)                \kern 0.60228pt
(hyperref)                removed on input line 361.


Package fontspec Info: 
(fontspec)             Could not resolve font "FangSong/BI" (it probably
(fontspec)             doesn't exist).


Package fontspec Info: 
(fontspec)             Could not resolve font "FangSong/B" (it probably
(fontspec)             doesn't exist).


Package fontspec Info: 
(fontspec)             Could not resolve font "FangSong/I" (it probably
(fontspec)             doesn't exist).

LaTeX Font Info:    Font shape `TU/CourierNew(0)/m/n' will be
(Font)              scaled to size 12.74046pt on input line 362.

Package fontspec Info: 
(fontspec)             Font family 'FangSong(0)' created for font 'FangSong'
(fontspec)             with options [Script={CJK}].
(fontspec)              
(fontspec)              This font family consists of the following NFSS
(fontspec)             series/shapes:
(fontspec)              
(fontspec)             - 'normal' (m/n) with NFSS spec.:
(fontspec)             <->"FangSong/OT:script=hani;language=dflt;"


Underfull \hbox (badness 10000) in paragraph at lines 383--383
[]|\TU/SimSun(1)/b/n/10.53937 门 控 权 重 分 配
 []


Underfull \hbox (badness 10000) in paragraph at lines 383--383
[]|\TU/SimSun(1)/m/n/10.53937 视 觉 模 态 后 段 缺 失 \TU/TimesNewRoman(0)/m/n/10.53937
 (\TU/SimSun(1)/m/n/10.53937 步 长
 []


Underfull \hbox (badness 10000) in paragraph at lines 383--383
[]|\TU/SimSun(1)/m/n/10.53937 文 本 模 态 前 段 受 损 \TU/TimesNewRoman(0)/m/n/10.53937
 (\TU/SimSun(1)/m/n/10.53937 步 长
 []

) [30] (sections/sec5_problem3.tex

Package hyperref Warning: Token not allowed in a PDF string (Unicode):
(hyperref)                \kern 0.60228pt
(hyperref)                removed on input line 3.


Package hyperref Warning: Token not allowed in a PDF string (Unicode):
(hyperref)                \kern 0.60228pt
(hyperref)                removed on input line 3.


Package hyperref Warning: Token not allowed in a PDF string (Unicode):
(hyperref)                \kern 0.60228pt
(hyperref)                removed on input line 16.


Package hyperref Warning: Token not allowed in a PDF string (Unicode):
(hyperref)                \kern 0.60228pt
(hyperref)                removed on input line 16.


Package hyperref Warning: Token not allowed in a PDF string (Unicode):
(hyperref)                \kern 0.60228pt
(hyperref)                removed on input line 19.


Package hyperref Warning: Token not allowed in a PDF string (Unicode):
(hyperref)                \kern 0.60228pt
(hyperref)                removed on input line 19.


Package hyperref Warning: Token not allowed in a PDF string (Unicode):
(hyperref)                \kern 0.60228pt
(hyperref)                removed on input line 19.


Package hyperref Warning: Token not allowed in a PDF string (Unicode):
(hyperref)                \kern 0.60228pt
(hyperref)                removed on input line 19.


Package hyperref Warning: Token not allowed in a PDF string (Unicode):
(hyperref)                \kern 0.60228pt
(hyperref)                removed on input line 33.


Package hyperref Warning: Token not allowed in a PDF string (Unicode):
(hyperref)                \kern 0.60228pt
(hyperref)                removed on input line 33.


Package hyperref Warning: Token not allowed in a PDF string (Unicode):
(hyperref)                \kern 0.60228pt
(hyperref)                removed on input line 33.


Package hyperref Warning: Token not allowed in a PDF string (Unicode):
(hyperref)                \kern 0.60228pt
(hyperref)                removed on input line 33.

[31

]

Package hyperref Warning: Token not allowed in a PDF string (Unicode):
(hyperref)                \kern 0.60228pt
(hyperref)                removed on input line 44.


Package hyperref Warning: Token not allowed in a PDF string (Unicode):
(hyperref)                \kern 0.60228pt
(hyperref)                removed on input line 44.

File: figures/fig4_modality_contributions_all20.png Graphic file (type bmp)
<figures/fig4_modality_contributions_all20.png>

Package hyperref Warning: Token not allowed in a PDF string (Unicode):
(hyperref)                \kern 0.60228pt
(hyperref)                removed on input line 60.


Package hyperref Warning: Token not allowed in a PDF string (Unicode):
(hyperref)                \kern 0.60228pt
(hyperref)                removed on input line 60.

[32]

Package hyperref Warning: Token not allowed in a PDF string (Unicode):
(hyperref)                \kern 0.60228pt
(hyperref)                removed on input line 63.


Package hyperref Warning: Token not allowed in a PDF string (Unicode):
(hyperref)                \kern 0.60228pt
(hyperref)                removed on input line 63.


Package hyperref Warning: Token not allowed in a PDF string (Unicode):
(hyperref)                \kern 0.60228pt
(hyperref)                removed on input line 63.


Package hyperref Warning: Token not allowed in a PDF string (Unicode):
(hyperref)                \kern 0.60228pt
(hyperref)                removed on input line 63.

File: figures/fig5_temporal_saliency_sample04.png Graphic file (type bmp)
<figures/fig5_temporal_saliency_sample04.png>

Package hyperref Warning: Token not allowed in a PDF string (Unicode):
(hyperref)                \kern 0.60228pt
(hyperref)                removed on input line 81.


Package hyperref Warning: Token not allowed in a PDF string (Unicode):
(hyperref)                \kern 0.60228pt
(hyperref)                removed on input line 81.


Package hyperref Warning: Token not allowed in a PDF string (Unicode):
(hyperref)                \kern 0.60228pt
(hyperref)                removed on input line 81.


Package hyperref Warning: Token not allowed in a PDF string (Unicode):
(hyperref)                \kern 0.60228pt
(hyperref)                removed on input line 81.


Package hyperref Warning: Token not allowed in a PDF string (Unicode):
(hyperref)                \kern 0.60228pt
(hyperref)                removed on input line 84.


Package hyperref Warning: Token not allowed in a PDF string (Unicode):
(hyperref)                \kern 0.60228pt
(hyperref)                removed on input line 84.


Package hyperref Warning: Token not allowed in a PDF string (Unicode):
(hyperref)                \kern 0.60228pt
(hyperref)                removed on input line 84.


Package hyperref Warning: Token not allowed in a PDF string (Unicode):
(hyperref)                \kern 0.60228pt
(hyperref)                removed on input line 84.

[33]

Package hyperref Warning: Token not allowed in a PDF string (Unicode):
(hyperref)                \kern 0.60228pt
(hyperref)                removed on input line 97.


Package hyperref Warning: Token not allowed in a PDF string (Unicode):
(hyperref)                \kern 0.60228pt
(hyperref)                removed on input line 97.


Package hyperref Warning: Token not allowed in a PDF string (Unicode):
(hyperref)                \kern 0.60228pt
(hyperref)                removed on input line 97.


Package hyperref Warning: Token not allowed in a PDF string (Unicode):
(hyperref)                \kern 0.60228pt
(hyperref)                removed on input line 97.


Package hyperref Warning: Token not allowed in a PDF string (Unicode):
(hyperref)                \kern 0.60228pt
(hyperref)                removed on input line 100.


Package hyperref Warning: Token not allowed in a PDF string (Unicode):
(hyperref)                \kern 0.60228pt
(hyperref)                removed on input line 100.

File: figures/fig6_explanation_card_sample04_positive.png Graphic file (type bm
p)
<figures/fig6_explanation_card_sample04_positive.png>
File: figures/fig7_explanation_card_sample02_negative.png Graphic file (type bm
p)
<figures/fig7_explanation_card_sample02_negative.png>

Package hyperref Warning: Token not allowed in a PDF string (Unicode):
(hyperref)                \kern 0.60228pt
(hyperref)                removed on input line 119.


Package hyperref Warning: Token not allowed in a PDF string (Unicode):
(hyperref)                \kern 0.60228pt
(hyperref)                removed on input line 119.


Package hyperref Warning: Token not allowed in a PDF string (Unicode):
(hyperref)                \kern 0.60228pt
(hyperref)                removed on input line 119.


Package hyperref Warning: Token not allowed in a PDF string (Unicode):
(hyperref)                \kern 0.60228pt
(hyperref)                removed on input line 119.


Package hyperref Warning: Token not allowed in a PDF string (Unicode):
(hyperref)                \kern 0.60228pt
(hyperref)                removed on input line 127.


Package hyperref Warning: Token not allowed in a PDF string (Unicode):
(hyperref)                \kern 0.60228pt
(hyperref)                removed on input line 127.


Package hyperref Warning: Token not allowed in a PDF string (Unicode):
(hyperref)                \kern 0.60228pt
(hyperref)                removed on input line 127.


Package hyperref Warning: Token not allowed in a PDF string (Unicode):
(hyperref)                \kern 0.60228pt
(hyperref)                removed on input line 127.

[34]

Package hyperref Warning: Token not allowed in a PDF string (Unicode):
(hyperref)                \kern 0.60228pt
(hyperref)                removed on input line 136.


Package hyperref Warning: Token not allowed in a PDF string (Unicode):
(hyperref)                \kern 0.60228pt
(hyperref)                removed on input line 136.


Underfull \hbox (badness 3568) in paragraph at lines 168--168
[]|\TU/TimesNewRoman(0)/m/n/10.53937 0.96s - 2.41s, enthusiastically
 []

) [35] [36] (sections/sec7_logic_chain_data.tex

Package hyperref Warning: Token not allowed in a PDF string (Unicode):
(hyperref)                \kern 0.60228pt
(hyperref)                removed on input line 5.


Package hyperref Warning: Token not allowed in a PDF string (Unicode):
(hyperref)                \kern 0.60228pt
(hyperref)                removed on input line 5.


Overfull \hbox (38.98796pt too wide) in paragraph at lines 7--8
[]\TU/SimSun(2)/m/n/12.045 附 件 \TU/TimesNewRoman(0)/m/n/12.045 1 \TU/SimSun(2)/
m/n/12.045 的 \TU/TimesNewRoman(0)/m/n/12.045 100 \TU/SimSun(2)/m/n/12.045 条 原 始
 视 频 只 用 于 问 题 一 的 特 征 提 取 与 对 齐；|  附 件 \TU/TimesNewRoman(0)/m/n/12.045 2 \TU/S
imSun(2)/m/n/12.045 按 照 \TU/CourierNew(0)/m/n/12.045 train/valid/test
 []


Package hyperref Warning: Token not allowed in a PDF string (Unicode):
(hyperref)                \kern 0.60228pt
(hyperref)                removed on input line 23.


Package hyperref Warning: Token not allowed in a PDF string (Unicode):
(hyperref)                \kern 0.60228pt
(hyperref)                removed on input line 23.

[37

]
Overfull \hbox (41.3368pt too wide) in paragraph at lines 30--32
\TU/SimSun(2)/m/n/12.045 长 度、|  对 齐 后 形 状、|  标 签 和 异 常 处 理 记 录 必 须 能 够 从 \TU/Co
urierNew(0)/m/n/12.045 problem1_feature_summary_100.csv
 []


Package hyperref Warning: Token not allowed in a PDF string (Unicode):
(hyperref)                \kern 0.60228pt
(hyperref)                removed on input line 33.


Package hyperref Warning: Token not allowed in a PDF string (Unicode):
(hyperref)                \kern 0.60228pt
(hyperref)                removed on input line 33.


Package hyperref Warning: Token not allowed in a PDF string (Unicode):
(hyperref)                \kern 0.60228pt
(hyperref)                removed on input line 49.


Package hyperref Warning: Token not allowed in a PDF string (Unicode):
(hyperref)                \kern 0.60228pt
(hyperref)                removed on input line 49.


Package hyperref Warning: Token not allowed in a PDF string (Unicode):
(hyperref)                \kern 0.60228pt
(hyperref)                removed on input line 59.


Package hyperref Warning: Token not allowed in a PDF string (Unicode):
(hyperref)                \kern 0.60228pt
(hyperref)                removed on input line 59.

) [38] [39] (sections/sec6_eval_generalization.tex

Package hyperref Warning: Token not allowed in a PDF string (Unicode):
(hyperref)                \kern 0.60228pt
(hyperref)                removed on input line 4.


Package hyperref Warning: Token not allowed in a PDF string (Unicode):
(hyperref)                \kern 0.60228pt
(hyperref)                removed on input line 4.


Package hyperref Warning: Token not allowed in a PDF string (Unicode):
(hyperref)                \kern 0.60228pt
(hyperref)                removed on input line 6.


Package hyperref Warning: Token not allowed in a PDF string (Unicode):
(hyperref)                \kern 0.60228pt
(hyperref)                removed on input line 6.


Package hyperref Warning: Token not allowed in a PDF string (Unicode):
(hyperref)                \kern 0.60228pt
(hyperref)                removed on input line 6.


Package hyperref Warning: Token not allowed in a PDF string (Unicode):
(hyperref)                \kern 0.60228pt
(hyperref)                removed on input line 6.


Package hyperref Warning: Token not allowed in a PDF string (Unicode):
(hyperref)                \kern 0.60228pt
(hyperref)                removed on input line 22.


Package hyperref Warning: Token not allowed in a PDF string (Unicode):
(hyperref)                \kern 0.60228pt
(hyperref)                removed on input line 22.


Package hyperref Warning: Token not allowed in a PDF string (Unicode):
(hyperref)                \kern 0.60228pt
(hyperref)                removed on input line 22.


Package hyperref Warning: Token not allowed in a PDF string (Unicode):
(hyperref)                \kern 0.60228pt
(hyperref)                removed on input line 22.

[40

] [41]

Package hyperref Warning: Token not allowed in a PDF string (Unicode):
(hyperref)                \kern 0.60228pt
(hyperref)                removed on input line 37.


Package hyperref Warning: Token not allowed in a PDF string (Unicode):
(hyperref)                \kern 0.60228pt
(hyperref)                removed on input line 37.


Package hyperref Warning: Token not allowed in a PDF string (Unicode):
(hyperref)                \kern 0.60228pt
(hyperref)                removed on input line 40.


Package hyperref Warning: Token not allowed in a PDF string (Unicode):
(hyperref)                \kern 0.60228pt
(hyperref)                removed on input line 40.


Package hyperref Warning: Token not allowed in a PDF string (Unicode):
(hyperref)                \kern 0.60228pt
(hyperref)                removed on input line 40.


Package hyperref Warning: Token not allowed in a PDF string (Unicode):
(hyperref)                \kern 0.60228pt
(hyperref)                removed on input line 40.


Underfull \hbox (badness 10000) in paragraph at lines 70--70
[]|\TU/SimSun(1)/b/n/10.53937 抗 噪 衰 减 率
 []

[42

]

Package hyperref Warning: Token not allowed in a PDF string (Unicode):
(hyperref)                \kern 0.60228pt
(hyperref)                removed on input line 79.


Package hyperref Warning: Token not allowed in a PDF string (Unicode):
(hyperref)                \kern 0.60228pt
(hyperref)                removed on input line 79.


Package hyperref Warning: Token not allowed in a PDF string (Unicode):
(hyperref)                \kern 0.60228pt
(hyperref)                removed on input line 79.


Package hyperref Warning: Token not allowed in a PDF string (Unicode):
(hyperref)                \kern 0.60228pt
(hyperref)                removed on input line 79.


Overfull \hbox (12.60403pt too wide) in alignment at lines 111--111
[][][][][] 
 []

[43]

Package hyperref Warning: Token not allowed in a PDF string (Unicode):
(hyperref)                \kern 0.60228pt
(hyperref)                removed on input line 118.


Package hyperref Warning: Token not allowed in a PDF string (Unicode):
(hyperref)                \kern 0.60228pt
(hyperref)                removed on input line 118.


Package hyperref Warning: Token not allowed in a PDF string (Unicode):
(hyperref)                \kern 0.60228pt
(hyperref)                removed on input line 118.


Package hyperref Warning: Token not allowed in a PDF string (Unicode):
(hyperref)                \kern 0.60228pt
(hyperref)                removed on input line 118.

[44

] [45]

Package hyperref Warning: Token not allowed in a PDF string (Unicode):
(hyperref)                \kern 0.60228pt
(hyperref)                removed on input line 173.


Package hyperref Warning: Token not allowed in a PDF string (Unicode):
(hyperref)                \kern 0.60228pt
(hyperref)                removed on input line 173.


Package hyperref Warning: Token not allowed in a PDF string (Unicode):
(hyperref)                \kern 0.60228pt
(hyperref)                removed on input line 176.


Package hyperref Warning: Token not allowed in a PDF string (Unicode):
(hyperref)                \kern 0.60228pt
(hyperref)                removed on input line 176.


Package hyperref Warning: Token not allowed in a PDF string (Unicode):
(hyperref)                \kern 0.60228pt
(hyperref)                removed on input line 176.


Package hyperref Warning: Token not allowed in a PDF string (Unicode):
(hyperref)                \kern 0.60228pt
(hyperref)                removed on input line 176.


Package hyperref Warning: Token not allowed in a PDF string (Unicode):
(hyperref)                \kern 0.60228pt
(hyperref)                removed on input line 183.


Package hyperref Warning: Token not allowed in a PDF string (Unicode):
(hyperref)                \kern 0.60228pt
(hyperref)                removed on input line 183.


Package hyperref Warning: Token not allowed in a PDF string (Unicode):
(hyperref)                \kern 0.60228pt
(hyperref)                removed on input line 183.


Package hyperref Warning: Token not allowed in a PDF string (Unicode):
(hyperref)                \kern 0.60228pt
(hyperref)                removed on input line 183.


Package hyperref Warning: Token not allowed in a PDF string (Unicode):
(hyperref)                \kern 0.60228pt
(hyperref)                removed on input line 190.


Package hyperref Warning: Token not allowed in a PDF string (Unicode):
(hyperref)                \kern 0.60228pt
(hyperref)                removed on input line 190.


Package hyperref Warning: Token not allowed in a PDF string (Unicode):
(hyperref)                \kern 0.60228pt
(hyperref)                removed on input line 190.


Package hyperref Warning: Token not allowed in a PDF string (Unicode):
(hyperref)                \kern 0.60228pt
(hyperref)                removed on input line 190.

[46

]

Package hyperref Warning: Token not allowed in a PDF string (Unicode):
(hyperref)                \kern 0.60228pt
(hyperref)                removed on input line 199.


Package hyperref Warning: Token not allowed in a PDF string (Unicode):
(hyperref)                \kern 0.60228pt
(hyperref)                removed on input line 199.


Package hyperref Warning: Token not allowed in a PDF string (Unicode):
(hyperref)                \kern 0.60228pt
(hyperref)                removed on input line 202.


Package hyperref Warning: Token not allowed in a PDF string (Unicode):
(hyperref)                \kern 0.60228pt
(hyperref)                removed on input line 202.


Package hyperref Warning: Token not allowed in a PDF string (Unicode):
(hyperref)                \kern 0.60228pt
(hyperref)                removed on input line 202.


Package hyperref Warning: Token not allowed in a PDF string (Unicode):
(hyperref)                \kern 0.60228pt
(hyperref)                removed on input line 202.


Package hyperref Warning: Token not allowed in a PDF string (Unicode):
(hyperref)                \kern 0.60228pt
(hyperref)                removed on input line 208.


Package hyperref Warning: Token not allowed in a PDF string (Unicode):
(hyperref)                \kern 0.60228pt
(hyperref)                removed on input line 208.


Package hyperref Warning: Token not allowed in a PDF string (Unicode):
(hyperref)                \kern 0.60228pt
(hyperref)                removed on input line 208.


Package hyperref Warning: Token not allowed in a PDF string (Unicode):
(hyperref)                \kern 0.60228pt
(hyperref)                removed on input line 208.


Package hyperref Warning: Token not allowed in a PDF string (Unicode):
(hyperref)                \kern 0.60228pt
(hyperref)                removed on input line 214.


Package hyperref Warning: Token not allowed in a PDF string (Unicode):
(hyperref)                \kern 0.60228pt
(hyperref)                removed on input line 214.


Package hyperref Warning: Token not allowed in a PDF string (Unicode):
(hyperref)                \kern 0.60228pt
(hyperref)                removed on input line 214.


Package hyperref Warning: Token not allowed in a PDF string (Unicode):
(hyperref)                \kern 0.60228pt
(hyperref)                removed on input line 214.

[47

]

Package hyperref Warning: Token not allowed in a PDF string (Unicode):
(hyperref)                \kern 0.60228pt
(hyperref)                removed on input line 222.


Package hyperref Warning: Token not allowed in a PDF string (Unicode):
(hyperref)                \kern 0.60228pt
(hyperref)                removed on input line 222.


Package hyperref Warning: Token not allowed in a PDF string (Unicode):
(hyperref)                \kern 0.60228pt
(hyperref)                removed on input line 222.


Package hyperref Warning: Token not allowed in a PDF string (Unicode):
(hyperref)                \kern 0.60228pt
(hyperref)                removed on input line 222.

) [48

] (main.bbl) [49

] (main.aux)
 ***********
LaTeX2e <2026-06-01>
L3 programming layer <2026/08/21>
 ***********


LaTeX Warning: Label(s) may have changed. Rerun to get cross-references right.


Package rerunfilecheck Warning: File `main.out' has changed.
(rerunfilecheck)                Rerun to get outlines right
(rerunfilecheck)                or use package `bookmark'.

Package rerunfilecheck Info: Checksums for `main.out':
(rerunfilecheck)             Before: 3650DCF48E3A447C03FE88B6C285E681;23070
(rerunfilecheck)             After:  B59A3AED31A5B65DC56C446B643C9969;24305.
 ) 
Here is how much of TeX's memory you used:
 39054 strings out of 402560
 876995 string characters out of 5445169
 1280218 words of memory out of 5000000
 67516 multiletter control sequences out of 15000+600000
 643570 words of font info for 184 fonts, out of 8000000 for 9000
 1348 hyphenation exceptions out of 8191
 112i,20n,127p,535b,1363s stack positions out of 10000i,1000n,20000p,200000b,200000s

Output written on main.xdv (50 pages, 712412 bytes).
